n_amenageur;n_operateur;n_enseigne;id_station;n_station;ad_station;code_insee;Xlongitude;Ylatitude;nbre_pdc;id_pdc;puiss_max;type_prise;acces_recharge;accessibilité;observations;date_maj;source
;;MOBIVE;FR-S64-E64024-001;Parking Izadia;25 allée du Val Fleuri, Anglet;64024;-1.5155546844999312;43.48207100351876;1;FR-S64-E64024-001-1;18;Type 2 et prise domestique;;;;2019/05/07;https://www.data.gouv.fr/fr/datasets/localisation-des-infrastructures-de-recharge-pour-vehicules-electriques-irve-sur-la-commune-danglet/#resource-198eaabe-5f9c-4f91-998a-b3c3cb615e52
;;MOBIVE;FR-S64-E64024-006;Parking Quintaou;1 allée de Quintaou, Anglet;64024;-1.5127680638813583;43.48396450961844;1;FR-S64-E64024-006-1;18;Type 2 et prise domestique;;;;2019/05/07;https://www.data.gouv.fr/fr/datasets/localisation-des-infrastructures-de-recharge-pour-vehicules-electriques-irve-sur-la-commune-danglet/#resource-198eaabe-5f9c-4f91-998a-b3c3cb615e52
;;MOBIVE;FR-S64-E64024-006;Parking Quintaou;1 allée de Quintaou, Anglet;64024;-1.5155350093243256;43.482063522899054;1;FR-S64-E64024-006-2;18;Type 2 et prise domestique;;;;2019/05/07;https://www.data.gouv.fr/fr/datasets/localisation-des-infrastructures-de-recharge-pour-vehicules-electriques-irve-sur-la-commune-danglet/#resource-198eaabe-5f9c-4f91-998a-b3c3cb615e52
;;MOBIVE;FR-S64-E64024-003;Parking des Dauphins;Place des Docteurs Gentilhe, Anglet;64024;-1.520945392076356;43.52670810565958;1;FR-S64-E64024-003-1;18;Type 2 et prise domestique;;;;2019/05/07;https://www.data.gouv.fr/fr/datasets/localisation-des-infrastructures-de-recharge-pour-vehicules-electriques-irve-sur-la-commune-danglet/#resource-198eaabe-5f9c-4f91-998a-b3c3cb615e52
;;MOBIVE;FR-S64-E64024-003;Parking des Dauphins;Place des Docteurs Gentilhe, Anglet;64024;-1.5124430186266826;43.49989725773917;1;FR-S64-E64024-003-2;18;Type 2 et prise domestique;;;;2019/05/07;https://www.data.gouv.fr/fr/datasets/localisation-des-infrastructures-de-recharge-pour-vehicules-electriques-irve-sur-la-commune-danglet/#resource-198eaabe-5f9c-4f91-998a-b3c3cb615e52
ASL AREA Englos;DRIVECO;ASL AREA Englos;FR*SSD*PASLAREAENGLOS59320*1;ASL AREA Englos;Impasse de la Bertha 59320 Englos;59195;2.962170;50.624699;2;FR*SSD*E10335*P1;22.08;EF, T2;Payant;24/24 7/7 jours;;2021/01/12;https://www.data.gouv.fr/fr/datasets/liste-des-bornes-de-recharge-ouvertes-au-public/#resource-a09a261f-5c6f-4739-9a0a-5f41d73718d6
ASL AREA Englos;DRIVECO;ASL AREA Englos;FR*SSD*PASLAREAENGLOS59320*1;ASL AREA Englos;Impasse de la Bertha 59320 Englos;59195;2.962170;50.624699;2;FR*SSD*E10335*P2;22.08;T2;Payant;24/24 7/7 jours;;2021/01/12;https://www.data.gouv.fr/fr/datasets/liste-des-bornes-de-recharge-ouvertes-au-public/#resource-a09a261f-5c6f-4739-9a0a-5f41d73718d6
AVRANCHES;FR*S50;e-charge50;FR*S50*P50025*002;AVRANCHES - Place Carnot;15 place Carnot 50300 AVRANCHES;50025;-1.3652981;48.6847424;2;FR*S50*E50025*002*2;22;T3-EF;payant;24h/24 7j/7;Service accessible<br>- aux abonnÃ©s disposant dun badge de mobilitÃ© Ã©lectrique<br>- aux non abonnÃ©s disposant d'une carte bancaire, via le site www.e-charge50.fr<br>Informations disponibles sur le site www.e-charge50.fr';2020/12/01;https://www.data.gouv.fr/fr/datasets/e-charge50/#resource-a22f7243-998a-4e8d-8322-b428040a4223
AVRANCHES;FR*S50;e-charge50;FR*S50*P50025*003;AVRANCHES - Place Valhubert;2 rue du Général de Gaulle 50300 AVRANCHES;50025;-1.3632336;48.6867883;2;FR*S50*E50025*003*1;22;T2-EF;payant;24h/24 7j/7;Service accessible<br>- aux abonnÃ©s disposant dun badge de mobilitÃ© Ã©lectrique<br>- aux non abonnÃ©s disposant d'une carte bancaire, via le site www.e-charge50.fr<br>Informations disponibles sur le site www.e-charge50.fr';2020/12/01;https://www.data.gouv.fr/fr/datasets/e-charge50/#resource-a22f7243-998a-4e8d-8322-b428040a4223
AVRANCHES;FR*S50;e-charge50;FR*S50*P50025*002;AVRANCHES - Place Carnot;15 place Carnot 50300 AVRANCHES;50025;-1.3652981;48.6847424;2;FR*S50*E50025*002*1;22;T2-EF;payant;24h/24 7j/7;Service accessible<br>- aux abonnÃ©s disposant dun badge de mobilitÃ© Ã©lectrique<br>- aux non abonnÃ©s disposant d'une carte bancaire, via le site www.e-charge50.fr<br>Informations disponibles sur le site www.e-charge50.fr';2020/12/01;https://www.data.gouv.fr/fr/datasets/e-charge50/#resource-a22f7243-998a-4e8d-8322-b428040a4223
AVRANCHES;FR*S50;e-charge50;FR*S50*P50025*001;AVRANCHES - Gare;3 Place de la Gare 50300 AVRANCHES;50025;-1.3691367;48.6908636;2;FR*S50*E50025*001*2;3;T3-EF;payant;24h/24 7j/7;Service accessible<br>- aux abonnÃ©s disposant dun badge de mobilitÃ© Ã©lectrique<br>- aux non abonnÃ©s disposant d'une carte bancaire, via le site www.e-charge50.fr<br>Informations disponibles sur le site www.e-charge50.fr';2020/12/01;https://www.data.gouv.fr/fr/datasets/e-charge50/#resource-a22f7243-998a-4e8d-8322-b428040a4223
AVRANCHES;FR*S50;e-charge50;FR*S50*P50025*001;AVRANCHES - Gare;3 Place de la Gare 50300 AVRANCHES;50025;-1.3691367;48.6908636;2;FR*S50*E50025*001*1;3;T2-EF;payant;24h/24 7j/7;Service accessible<br>- aux abonnÃ©s disposant dun badge de mobilitÃ© Ã©lectrique<br>- aux non abonnÃ©s disposant d'une carte bancaire, via le site www.e-charge50.fr<br>Informations disponibles sur le site www.e-charge50.fr';2020/12/01;https://www.data.gouv.fr/fr/datasets/e-charge50/#resource-a22f7243-998a-4e8d-8322-b428040a4223
AVRANCHES;FR*S50;e-charge50;FR*S50*P50025*003;AVRANCHES - Place Valhubert;2 rue du Général de Gaulle 50300 AVRANCHES;50025;-1.3632336;48.6867883;2;FR*S50*E50025*003*2;22;T3-EF;payant;24h/24 7j/7;Service accessible<br>- aux abonnÃ©s disposant dun badge de mobilitÃ© Ã©lectrique<br>- aux non abonnÃ©s disposant d'une carte bancaire, via le site www.e-charge50.fr<br>Informations disponibles sur le site www.e-charge50.fr';2020/12/01;https://www.data.gouv.fr/fr/datasets/e-charge50/#resource-a22f7243-998a-4e8d-8322-b428040a4223
Aix-Marseille-Provence;BOUYGUES ENERGIES ET SERVICES;MAMP;FR*M13*P13203*001;MARSEILLE-3E - 20 Rue Désirée Clary;Allée des Coudercs - Parking aire de jeu 0 MARSEILLE-3E;13055;;;0;FR*M13*E13203*001*1;22.0;EF - T2;payant;24h/24 7j/7;Recharge par badge et avec une application smartphone;2020/08/28;https://www.data.gouv.fr/fr/datasets/fichier-consolide-des-bornes-de-recharge-pour-vehicules-electriques-irve/#resource-df1a0148-83ca-41bd-8286-cede282b7c0a
Aix-Marseille-Provence;BOUYGUES ENERGIES ET SERVICES;MAMP;FR*M13*P13209*003;MARSEILLE-9E - 131 Boulevard Michelet;Allée des Coudercs - Parking aire de jeu 0 MARSEILLE-9E;13055;;;0;FR*M13*E13209*003*1;22.0;EF - T2;payant;24h/24 7j/7;Recharge par badge et avec une application smartphone;2020/08/28;https://www.data.gouv.fr/fr/datasets/fichier-consolide-des-bornes-de-recharge-pour-vehicules-electriques-irve/#resource-df1a0148-83ca-41bd-8286-cede282b7c0a
Aix-Marseille-Provence;BOUYGUES ENERGIES ET SERVICES;MAMP;FR*M13*P13022*001;CASSIS - Parking Savon;Parking Savon 13260 CASSIS;13022;;;6;FR*M13*E13022*001*1;4.0;EF;payant;24h/24 7j/7;Recharge par badge et avec une application smartphone;2020/08/28;https://www.data.gouv.fr/fr/datasets/fichier-consolide-des-bornes-de-recharge-pour-vehicules-electriques-irve/#resource-df1a0148-83ca-41bd-8286-cede282b7c0a
Aix-Marseille-Provence;BOUYGUES ENERGIES ET SERVICES;MAMP;FR*M13*P13009*001;LA BARBEN - Route Des Feissiniers - Parking Tennis;Route Des Feissiniers - Parking Tennis 13330 LA BARBEN;13009;;;2;FR*M13*E13009*001*2;22.0;EF - T2;payant;24h/24 7j/7;Recharge par badge et avec une application smartphone;2020/08/28;https://www.data.gouv.fr/fr/datasets/fichier-consolide-des-bornes-de-recharge-pour-vehicules-electriques-irve/#resource-df1a0148-83ca-41bd-8286-cede282b7c0a
Aix-Marseille-Provence;BOUYGUES ENERGIES ET SERVICES;MAMP;FR*M13*P13001*008;AIX-EN-PROVENCE - Cours Saint-Louis;Cours Saint-Louis 13090 AIX-EN-PROVENCE;13001;;;2;FR*M13*E13001*008*1;22.0;EF - T2;payant;24h/24 7j/7;Recharge par badge et avec une application smartphone;2020/08/28;https://www.data.gouv.fr/fr/datasets/fichier-consolide-des-bornes-de-recharge-pour-vehicules-electriques-irve/#resource-df1a0148-83ca-41bd-8286-cede282b7c0a
Aix-Marseille-Provence;BOUYGUES ENERGIES ET SERVICES;MAMP;FR*M13*P13206*001;MARSEILLE-6E - Rue Du Dr Fiolle;Rue Du Dr Fiolle 13006 MARSEILLE-6E;13055;;;2;FR*M13*E13206*001*2;22.0;EF - T2;payant;24h/24 7j/7;Recharge par badge et avec une application smartphone;2020/08/28;https://www.data.gouv.fr/fr/datasets/fichier-consolide-des-bornes-de-recharge-pour-vehicules-electriques-irve/#resource-df1a0148-83ca-41bd-8286-cede282b7c0a
Aix-Marseille-Provence;BOUYGUES ENERGIES ET SERVICES;MAMP;FR*M13*P13037*001;LA FARE-LES-OLIVIERS - Avenue René Seyssaud;Avenue René Seyssaud 0 LA FARE-LES-OLIVIERS;13037;;;2;FR*M13*E13037*001*2;22.0;EF - T2;payant;24h/24 7j/7;Recharge par badge et avec une application smartphone;2020/08/28;https://www.data.gouv.fr/fr/datasets/fichier-consolide-des-bornes-de-recharge-pour-vehicules-electriques-irve/#resource-df1a0148-83ca-41bd-8286-cede282b7c0a
Aix-Marseille-Provence;BOUYGUES ENERGIES ET SERVICES;MAMP;FR*M13*P13055*003;MARSEILLE - Rue Henri Tommasi;Rue Henri Tommasi 13000 MARSEILLE;13055;;;2;FR*M13*E13055*003*2;4.0;EF;payant;24h/24 7j/7;Recharge par badge et avec une application smartphone;2020/08/28;https://www.data.gouv.fr/fr/datasets/fichier-consolide-des-bornes-de-recharge-pour-vehicules-electriques-irve/#resource-df1a0148-83ca-41bd-8286-cede282b7c0a
Aix-Marseille-Provence;BOUYGUES ENERGIES ET SERVICES;MAMP;FR*M13*P13205*003;MARSEILLE-5E - Rue George;Rue George 13005 MARSEILLE-5E;13055;;;2;FR*M13*E13205*003*1;22.0;EF - T2;payant;24h/24 7j/7;Recharge par badge et avec une application smartphone;2020/08/28;https://www.data.gouv.fr/fr/datasets/fichier-consolide-des-bornes-de-recharge-pour-vehicules-electriques-irve/#resource-df1a0148-83ca-41bd-8286-cede282b7c0a
Aix-Marseille-Provence;BOUYGUES ENERGIES ET SERVICES;MAMP;FR*M13*P13024*001;CHARLEVAL - Place André Leblanc;Place André Leblanc 13350 CHARLEVAL;13024;;;2;FR*M13*E13024*001*1;22.0;EF - T2;payant;24h/24 7j/7;Recharge par badge et avec une application smartphone;2020/08/28;https://www.data.gouv.fr/fr/datasets/fichier-consolide-des-bornes-de-recharge-pour-vehicules-electriques-irve/#resource-df1a0148-83ca-41bd-8286-cede282b7c0a
Aix-Marseille-Provence;BOUYGUES ENERGIES ET SERVICES;MAMP;FR*M13*P13071*002;LES PENNES-MIRABEAU - Vieille Route De La Gavotte - Parking Square Jean Moulin;Vieille Route De La Gavotte - Parking Square Jean Moulin 13170 LES PENNES-MIRABEAU;13071;;;2;FR*M13*E13071*002*1;22.0;EF - T2;payant;24h/24 7j/7;Recharge par badge et avec une application smartphone;2020/08/28;https://www.data.gouv.fr/fr/datasets/fichier-consolide-des-bornes-de-recharge-pour-vehicules-electriques-irve/#resource-df1a0148-83ca-41bd-8286-cede282b7c0a
Aix-Marseille-Provence;BOUYGUES ENERGIES ET SERVICES;MAMP;FR*M13*P13109*001;LE THOLONET - 664 Avenue Paul Julien;664 Avenue Paul Julien 0 LE THOLONET;13109;;;0;FR*M13*E13109*001*2;22.0;EF - T2;payant;24h/24 7j/7;Recharge par badge et avec une application smartphone;2020/08/28;https://www.data.gouv.fr/fr/datasets/fichier-consolide-des-bornes-de-recharge-pour-vehicules-electriques-irve/#resource-df1a0148-83ca-41bd-8286-cede282b7c0a
Aix-Marseille-Provence;BOUYGUES ENERGIES ET SERVICES;MAMP;FR*M13*P13041*001;GARDANNE - Rue Du Stade - Parking Savine;Rue Du Stade - Parking Savine 0 GARDANNE;13041;;;2;FR*M13*E13041*001*2;22.0;EF - T2;payant;24h/24 7j/7;Recharge par badge et avec une application smartphone;2020/08/28;https://www.data.gouv.fr/fr/datasets/fichier-consolide-des-bornes-de-recharge-pour-vehicules-electriques-irve/#resource-df1a0148-83ca-41bd-8286-cede282b7c0a
Aix-Marseille-Provence;BOUYGUES ENERGIES ET SERVICES;MAMP;FR*M13*P13055*004;MARSEILLE - Campus Luminy;Campus Luminy 13000 MARSEILLE;13055;;;2;FR*M13*E13055*004*1;4.0;EF;payant;24h/24 7j/7;Recharge par badge et avec une application smartphone;2020/08/28;https://www.data.gouv.fr/fr/datasets/fichier-consolide-des-bornes-de-recharge-pour-vehicules-electriques-irve/#resource-df1a0148-83ca-41bd-8286-cede282b7c0a
Aix-Marseille-Provence;BOUYGUES ENERGIES ET SERVICES;MAMP;FR*M13*P13005*001;AUBAGNE - Avenue Des Surs Gastine;Avenue Des Surs Gastine 0 AUBAGNE;13005;;;0;FR*M13*E13005*001*1;22.0;EF - T2;payant;24h/24 7j/7;Recharge par badge et avec une application smartphone;2020/08/28;https://www.data.gouv.fr/fr/datasets/fichier-consolide-des-bornes-de-recharge-pour-vehicules-electriques-irve/#resource-df1a0148-83ca-41bd-8286-cede282b7c0a
Aix-Marseille-Provence;BOUYGUES ENERGIES ET SERVICES;MAMP;FR*M13*P13047*004;ISTRES - Parvis Hotel De Ville - Esplanade Bernadin Laugier;Parvis Hotel De Ville - Esplanade Bernadin Laugier 13800 ISTRES;13047;;;6;FR*M13*E13047*004*3;18.0;T2 - EF;payant;24h/24 7j/7;Recharge par badge et avec une application smartphone;2020/08/28;https://www.data.gouv.fr/fr/datasets/fichier-consolide-des-bornes-de-recharge-pour-vehicules-electriques-irve/#resource-df1a0148-83ca-41bd-8286-cede282b7c0a
Aix-Marseille-Provence;BOUYGUES ENERGIES ET SERVICES;MAMP;FR*M13*P13211*001;MARSEILLE-11E - 270 Route Des 3Lucs  La Valentine;Allée des Coudercs - Parking aire de jeu 0 MARSEILLE-11E;13055;;;2;FR*M13*E13211*001*2;22.0;EF - T2;payant;24h/24 7j/7;Recharge par badge et avec une application smartphone;2020/08/28;https://www.data.gouv.fr/fr/datasets/fichier-consolide-des-bornes-de-recharge-pour-vehicules-electriques-irve/#resource-df1a0148-83ca-41bd-8286-cede282b7c0a
Aix-Marseille-Provence;BOUYGUES ENERGIES ET SERVICES;MAMP;FR*M13*P13215*002;MARSEILLE-15E - Chemin Des Bourrely;Allée des Coudercs - Parking aire de jeu 0 MARSEILLE-15E;13055;;;0;FR*M13*E13215*002*1;22.0;EF - T2;payant;24h/24 7j/7;Recharge par badge et avec une application smartphone;2020/08/28;https://www.data.gouv.fr/fr/datasets/fichier-consolide-des-bornes-de-recharge-pour-vehicules-electriques-irve/#resource-df1a0148-83ca-41bd-8286-cede282b7c0a
Aix-Marseille-Provence;BOUYGUES ENERGIES ET SERVICES;MAMP;FR*M13*P13001*010;AIX-EN-PROVENCE - Rue Du Dr Lucien Cartotto;Rue Du Dr Lucien Cartotto 13090 AIX-EN-PROVENCE;13001;;;0;FR*M13*E13001*010*1;22.0;EF - T2;payant;24h/24 7j/7;Recharge par badge et avec une application smartphone;2020/08/28;https://www.data.gouv.fr/fr/datasets/fichier-consolide-des-bornes-de-recharge-pour-vehicules-electriques-irve/#resource-df1a0148-83ca-41bd-8286-cede282b7c0a
Aix-Marseille-Provence;BOUYGUES ENERGIES ET SERVICES;MAMP;FR*M13*P13210*001;MARSEILLE-10E - 271 Bd Paul Claudel;271 Bd Paul Claudel 13010 MARSEILLE-10E;13055;;;2;FR*M13*E13210*001*2;22.0;EF - T2;payant;24h/24 7j/7;Recharge par badge et avec une application smartphone;2020/08/28;https://www.data.gouv.fr/fr/datasets/fichier-consolide-des-bornes-de-recharge-pour-vehicules-electriques-irve/#resource-df1a0148-83ca-41bd-8286-cede282b7c0a
Aix-Marseille-Provence;BOUYGUES ENERGIES ET SERVICES;MAMP;FR*M13*P13019*002;CABRIES - Rue Roumavage;Rue Roumavage 13480 CABRIES;13019;;;2;FR*M13*E13019*002*2;22.0;EF - T2;payant;24h/24 7j/7;Recharge par badge et avec une application smartphone;2020/08/28;https://www.data.gouv.fr/fr/datasets/fichier-consolide-des-bornes-de-recharge-pour-vehicules-electriques-irve/#resource-df1a0148-83ca-41bd-8286-cede282b7c0a
Aix-Marseille-Provence;BOUYGUES ENERGIES ET SERVICES;MAMP;FR*M13*P13201*002;MARSEILLE-1E - 14 Allée Léon Gambetta;Allée des Coudercs - Parking aire de jeu 0 MARSEILLE-1E;13055;;;0;FR*M13*E13201*002*2;22.0;EF - T2;payant;24h/24 7j/7;Recharge par badge et avec une application smartphone;2020/08/28;https://www.data.gouv.fr/fr/datasets/fichier-consolide-des-bornes-de-recharge-pour-vehicules-electriques-irve/#resource-df1a0148-83ca-41bd-8286-cede282b7c0a
Aix-Marseille-Provence;BOUYGUES ENERGIES ET SERVICES;MAMP;FR*M13*P13209*005;MARSEILLE-9E - 16 Rue Emile Zola;Allée des Coudercs - Parking aire de jeu 0 MARSEILLE-9E;13055;;;2;FR*M13*E13209*005*2;22.0;EF - T2;payant;24h/24 7j/7;Recharge par badge et avec une application smartphone;2020/08/28;https://www.data.gouv.fr/fr/datasets/fichier-consolide-des-bornes-de-recharge-pour-vehicules-electriques-irve/#resource-df1a0148-83ca-41bd-8286-cede282b7c0a
Aix-Marseille-Provence;BOUYGUES ENERGIES ET SERVICES;MAMP;FR*M13*P13214*001;MARSEILLE-14E - Rue De La Busserine;Rue De La Busserine 13014 MARSEILLE-14E;13055;;;0;FR*M13*E13214*001*2;22.0;EF - T2;payant;24h/24 7j/7;Recharge par badge et avec une application smartphone;2020/08/28;https://www.data.gouv.fr/fr/datasets/fichier-consolide-des-bornes-de-recharge-pour-vehicules-electriques-irve/#resource-df1a0148-83ca-41bd-8286-cede282b7c0a
Aix-Marseille-Provence;BOUYGUES ENERGIES ET SERVICES;MAMP;FR*M13*P13005*004;AUBAGNE - 1465 Route Nationnale 8, Le Charrel;1465 Route Nationnale 8, Le Charrel 0 AUBAGNE;13005;;;0;FR*M13*E13005*004*1;22.0;EF - T2;payant;24h/24 7j/7;Recharge par badge et avec une application smartphone;2020/08/28;https://www.data.gouv.fr/fr/datasets/fichier-consolide-des-bornes-de-recharge-pour-vehicules-electriques-irve/#resource-df1a0148-83ca-41bd-8286-cede282b7c0a
Aix-Marseille-Provence;BOUYGUES ENERGIES ET SERVICES;MAMP;FR*M13*P13071*003;LES PENNES-MIRABEAU - Parking D113;Parking D113 0 LES PENNES-MIRABEAU;13071;;;0;FR*M13*E13071*003*2;22.0;EF - T2;payant;24h/24 7j/7;Recharge par badge et avec une application smartphone;2020/08/28;https://www.data.gouv.fr/fr/datasets/fichier-consolide-des-bornes-de-recharge-pour-vehicules-electriques-irve/#resource-df1a0148-83ca-41bd-8286-cede282b7c0a
Aix-Marseille-Provence;BOUYGUES ENERGIES ET SERVICES;MAMP;FR*M13*P13215*004;MARSEILLE-15E - 5 Boulevard De La Méditerranée;Allée des Coudercs - Parking aire de jeu 0 MARSEILLE-15E;13055;;;0;FR*M13*E13215*004*2;22.0;EF - T2;payant;24h/24 7j/7;Recharge par badge et avec une application smartphone;2020/08/28;https://www.data.gouv.fr/fr/datasets/fichier-consolide-des-bornes-de-recharge-pour-vehicules-electriques-irve/#resource-df1a0148-83ca-41bd-8286-cede282b7c0a
Aix-Marseille-Provence;BOUYGUES ENERGIES ET SERVICES;MAMP;FR*M13*P13055*006;MARSEILLE - Parking De La Mairie, Bd Bouyala D'Arnaud;Parking De La Mairie, Bd Bouyala D'Arnaud 13000 MARSEILLE;13055;;;2;FR*M13*E13055*006*2;4.0;EF;payant;24h/24 7j/7;Recharge par badge et avec une application smartphone;2020/08/28;https://www.data.gouv.fr/fr/datasets/fichier-consolide-des-bornes-de-recharge-pour-vehicules-electriques-irve/#resource-df1a0148-83ca-41bd-8286-cede282b7c0a
Aix-Marseille-Provence;BOUYGUES ENERGIES ET SERVICES;MAMP;FR*M13*P13008*001;AURONS - Route De Pelissane;Route De Pelissane 13121 AURONS;13008;;;2;FR*M13*E13008*001*2;22.0;EF - T2;payant;24h/24 7j/7;Recharge par badge et avec une application smartphone;2020/08/28;https://www.data.gouv.fr/fr/datasets/fichier-consolide-des-bornes-de-recharge-pour-vehicules-electriques-irve/#resource-df1a0148-83ca-41bd-8286-cede282b7c0a
Aix-Marseille-Provence;BOUYGUES ENERGIES ET SERVICES;MAMP;FR*M13*P13001*015;AIX-EN-PROVENCE - Route De Sisteron;Route De Sisteron 13100 AIX-EN-PROVENCE;13001;;;0;FR*M13*E13001*015*2;22.0;EF - T2;payant;24h/24 7j/7;Recharge par badge et avec une application smartphone;2020/08/28;https://www.data.gouv.fr/fr/datasets/fichier-consolide-des-bornes-de-recharge-pour-vehicules-electriques-irve/#resource-df1a0148-83ca-41bd-8286-cede282b7c0a
Aix-Marseille-Provence;BOUYGUES ENERGIES ET SERVICES;MAMP;FR*M13*P13041*001;GARDANNE - Rue Du Stade - Parking Savine;Rue Du Stade - Parking Savine 0 GARDANNE;13041;;;2;FR*M13*E13041*001*1;22.0;EF - T2;payant;24h/24 7j/7;Recharge par badge et avec une application smartphone;2020/08/28;https://www.data.gouv.fr/fr/datasets/fichier-consolide-des-bornes-de-recharge-pour-vehicules-electriques-irve/#resource-df1a0148-83ca-41bd-8286-cede282b7c0a
Aix-Marseille-Provence;BOUYGUES ENERGIES ET SERVICES;MAMP;FR*M13*P13002*001;ALLAUCH - Chemin Marius Milon / Chemin Des Mille Ecus;Chemin Marius Milon / Chemin Des Mille Ecus 13190 ALLAUCH;13002;;;0;FR*M13*E13002*001*2;22.0;EF - T2;payant;24h/24 7j/7;Recharge par badge et avec une application smartphone;2020/08/28;https://www.data.gouv.fr/fr/datasets/fichier-consolide-des-bornes-de-recharge-pour-vehicules-electriques-irve/#resource-df1a0148-83ca-41bd-8286-cede282b7c0a
Aix-Marseille-Provence;BOUYGUES ENERGIES ET SERVICES;MAMP;FR*M13*P13215*002;MARSEILLE-15E - Chemin Des Bourrely;Allée des Coudercs - Parking aire de jeu 0 MARSEILLE-15E;13055;;;0;FR*M13*E13215*002*2;22.0;EF - T2;payant;24h/24 7j/7;Recharge par badge et avec une application smartphone;2020/08/28;https://www.data.gouv.fr/fr/datasets/fichier-consolide-des-bornes-de-recharge-pour-vehicules-electriques-irve/#resource-df1a0148-83ca-41bd-8286-cede282b7c0a
Aix-Marseille-Provence;BOUYGUES ENERGIES ET SERVICES;MAMP;FR*M13*P13054*001;MARIGNANE - Rue De Verdun;Rue De Verdun 13700 MARIGNANE;13054;;;2;FR*M13*E13054*001*2;4.0;EF;payant;24h/24 7j/7;Recharge par badge et avec une application smartphone;2020/08/28;https://www.data.gouv.fr/fr/datasets/fichier-consolide-des-bornes-de-recharge-pour-vehicules-electriques-irve/#resource-df1a0148-83ca-41bd-8286-cede282b7c0a
Aix-Marseille-Provence;BOUYGUES ENERGIES ET SERVICES;MAMP;FR*M13*P13208*006;MARSEILLE-8E - Boulevard Bonne Brise;Boulevard Bonne Brise 13008 MARSEILLE-8E;13055;;;0;FR*M13*E13208*006*1;22.0;EF - T2;payant;24h/24 7j/7;Recharge par badge et avec une application smartphone;2020/08/28;https://www.data.gouv.fr/fr/datasets/fichier-consolide-des-bornes-de-recharge-pour-vehicules-electriques-irve/#resource-df1a0148-83ca-41bd-8286-cede282b7c0a
Aix-Marseille-Provence;BOUYGUES ENERGIES ET SERVICES;MAMP;FR*M13*P13001*006;AIX-EN-PROVENCE - Avenue Jules Ferry;Avenue Jules Ferry 13090 AIX-EN-PROVENCE;13001;;;2;FR*M13*E13001*006*2;22.0;EF - T2;payant;24h/24 7j/7;Recharge par badge et avec une application smartphone;2020/08/28;https://www.data.gouv.fr/fr/datasets/fichier-consolide-des-bornes-de-recharge-pour-vehicules-electriques-irve/#resource-df1a0148-83ca-41bd-8286-cede282b7c0a
Aix-Marseille-Provence;BOUYGUES ENERGIES ET SERVICES;MAMP;FR*M13*P13047*015;ISTRES - Centre Commercial Prédina;Centre Commercial Prédina 13800 ISTRES;13047;;;2;FR*M13*E13047*015*1;18.0;EF - T2;payant;24h/24 7j/7;Recharge par badge et avec une application smartphone;2020/08/28;https://www.data.gouv.fr/fr/datasets/fichier-consolide-des-bornes-de-recharge-pour-vehicules-electriques-irve/#resource-df1a0148-83ca-41bd-8286-cede282b7c0a
Aix-Marseille-Provence;BOUYGUES ENERGIES ET SERVICES;MAMP;FR*M13*P13047*001;ISTRES - Forum Des Carmes;Forum Des Carmes 13800 ISTRES;13047;;;2;FR*M13*E13047*001*2;18.0;EF - T2;payant;24h/24 7j/7;Recharge par badge et avec une application smartphone;2020/08/28;https://www.data.gouv.fr/fr/datasets/fichier-consolide-des-bornes-de-recharge-pour-vehicules-electriques-irve/#resource-df1a0148-83ca-41bd-8286-cede282b7c0a
Aix-Marseille-Provence;BOUYGUES ENERGIES ET SERVICES;MAMP;FR*M13*P13001*013;AIX-EN-PROVENCE - Place Miollis;Place Miollis 13100 AIX-EN-PROVENCE;13001;;;0;FR*M13*E13001*013*1;22.0;EF - T2;payant;24h/24 7j/7;Recharge par badge et avec une application smartphone;2020/08/28;https://www.data.gouv.fr/fr/datasets/fichier-consolide-des-bornes-de-recharge-pour-vehicules-electriques-irve/#resource-df1a0148-83ca-41bd-8286-cede282b7c0a
Aix-Marseille-Provence;BOUYGUES ENERGIES ET SERVICES;MAMP;FR*M13*P13002*003;ALLAUCH - Chemin Du Garlaban - Parking Monge;Chemin Du Garlaban - Parking Monge 0 ALLAUCH;13002;;;0;FR*M13*E13002*003*1;22.0;EF - T2;payant;24h/24 7j/7;Recharge par badge et avec une application smartphone;2020/08/28;https://www.data.gouv.fr/fr/datasets/fichier-consolide-des-bornes-de-recharge-pour-vehicules-electriques-irve/#resource-df1a0148-83ca-41bd-8286-cede282b7c0a
Aix-Marseille-Provence;BOUYGUES ENERGIES ET SERVICES;MAMP;FR*M13*P13085*001;ROQUEFORT-LA-BEDOULE - Avenue Marius Ghirardelli;Avenue Marius Ghirardelli 13830 ROQUEFORT-LA-BEDOULE;13085;;;2;FR*M13*E13085*001*1;22.0;EF - T2;payant;24h/24 7j/7;Recharge par badge et avec une application smartphone;2020/08/28;https://www.data.gouv.fr/fr/datasets/fichier-consolide-des-bornes-de-recharge-pour-vehicules-electriques-irve/#resource-df1a0148-83ca-41bd-8286-cede282b7c0a
Aix-Marseille-Provence;BOUYGUES ENERGIES ET SERVICES;MAMP;FR*M13*P13204*005;MARSEILLE-4E - Rue Du Bosquet;Rue Du Bosquet 13004 MARSEILLE-4E;13055;;;2;FR*M13*E13204*005*2;22.0;EF - T2;payant;24h/24 7j/7;Recharge par badge et avec une application smartphone;2020/08/28;https://www.data.gouv.fr/fr/datasets/fichier-consolide-des-bornes-de-recharge-pour-vehicules-electriques-irve/#resource-df1a0148-83ca-41bd-8286-cede282b7c0a
Aix-Marseille-Provence;BOUYGUES ENERGIES ET SERVICES;MAMP;FR*M13*P13202*003;MARSEILLE-2E - 1 Rue Jean François Leca;Allée des Coudercs - Parking aire de jeu 0 MARSEILLE-2E;13055;;;0;FR*M13*E13202*003*1;22.0;EF - T2;payant;24h/24 7j/7;Recharge par badge et avec une application smartphone;2020/08/28;https://www.data.gouv.fr/fr/datasets/fichier-consolide-des-bornes-de-recharge-pour-vehicules-electriques-irve/#resource-df1a0148-83ca-41bd-8286-cede282b7c0a
Aix-Marseille-Provence;BOUYGUES ENERGIES ET SERVICES;MAMP;FR*M13*P13203*002;MARSEILLE-3E - 28 Rue Jobin;Allée des Coudercs - Parking aire de jeu 0 MARSEILLE-3E;13055;;;0;FR*M13*E13203*002*2;22.0;EF - T2;payant;24h/24 7j/7;Recharge par badge et avec une application smartphone;2020/08/28;https://www.data.gouv.fr/fr/datasets/fichier-consolide-des-bornes-de-recharge-pour-vehicules-electriques-irve/#resource-df1a0148-83ca-41bd-8286-cede282b7c0a
Aix-Marseille-Provence;BOUYGUES ENERGIES ET SERVICES;MAMP;FR*M13*P13001*018;AIX-EN-PROVENCE - Avenue Jean Et Marcel Fontenaille;Avenue Jean Et Marcel Fontenaille 13100 AIX-EN-PROVENCE;13001;;;0;FR*M13*E13001*018*1;22.0;EF - T2;payant;24h/24 7j/7;Recharge par badge et avec une application smartphone;2020/08/28;https://www.data.gouv.fr/fr/datasets/fichier-consolide-des-bornes-de-recharge-pour-vehicules-electriques-irve/#resource-df1a0148-83ca-41bd-8286-cede282b7c0a
Aix-Marseille-Provence;BOUYGUES ENERGIES ET SERVICES;MAMP;FR*M13*P13216*001;MARSEILLE-16E - Boulevard D'Annam;Allée des Coudercs - Parking aire de jeu 0 MARSEILLE-16E;13055;;;0;FR*M13*E13216*001*2;22.0;EF - T2;payant;24h/24 7j/7;Recharge par badge et avec une application smartphone;2020/08/28;https://www.data.gouv.fr/fr/datasets/fichier-consolide-des-bornes-de-recharge-pour-vehicules-electriques-irve/#resource-df1a0148-83ca-41bd-8286-cede282b7c0a
Aix-Marseille-Provence;BOUYGUES ENERGIES ET SERVICES;MAMP;FR*M13*P13041*003;GARDANNE - Place De Biver;Place De Biver 0 GARDANNE;13041;;;0;FR*M13*E13041*003*2;22.0;EF - T2;payant;24h/24 7j/7;Recharge par badge et avec une application smartphone;2020/08/28;https://www.data.gouv.fr/fr/datasets/fichier-consolide-des-bornes-de-recharge-pour-vehicules-electriques-irve/#resource-df1a0148-83ca-41bd-8286-cede282b7c0a
Aix-Marseille-Provence;BOUYGUES ENERGIES ET SERVICES;MAMP;FR*M13*P13103*003;SALON-DE-PROVENCE - Avenue De Grans;Allée des Coudercs - Parking aire de jeu 0 SALON-DE-PROVENCE;13103;;;0;FR*M13*E13103*003*1;22.0;EF - T2;payant;24h/24 7j/7;Recharge par badge et avec une application smartphone;2020/08/28;https://www.data.gouv.fr/fr/datasets/fichier-consolide-des-bornes-de-recharge-pour-vehicules-electriques-irve/#resource-df1a0148-83ca-41bd-8286-cede282b7c0a
Aix-Marseille-Provence;BOUYGUES ENERGIES ET SERVICES;MAMP;FR*M13*P13022*001;CASSIS - Parking Savon;Parking Savon 13260 CASSIS;13022;;;6;FR*M13*E13022*001*4;4.0;EF;payant;24h/24 7j/7;Recharge par badge et avec une application smartphone;2020/08/28;https://www.data.gouv.fr/fr/datasets/fichier-consolide-des-bornes-de-recharge-pour-vehicules-electriques-irve/#resource-df1a0148-83ca-41bd-8286-cede282b7c0a
Aix-Marseille-Provence;BOUYGUES ENERGIES ET SERVICES;MAMP;FR*M13*P13202*004;MARSEILLE-2E - 38 Rue De L'Evêché;Allée des Coudercs - Parking aire de jeu 0 MARSEILLE-2E;13055;;;0;FR*M13*E13202*004*2;22.0;EF - T2;payant;24h/24 7j/7;Recharge par badge et avec une application smartphone;2020/08/28;https://www.data.gouv.fr/fr/datasets/fichier-consolide-des-bornes-de-recharge-pour-vehicules-electriques-irve/#resource-df1a0148-83ca-41bd-8286-cede282b7c0a
Aix-Marseille-Provence;BOUYGUES ENERGIES ET SERVICES;MAMP;FR*M13*P13212*001;MARSEILLE-12E - 140 Rue Montaigne;Allée des Coudercs - Parking aire de jeu 0 MARSEILLE-12E;13055;;;0;FR*M13*E13212*001*2;22.0;EF - T2;payant;24h/24 7j/7;Recharge par badge et avec une application smartphone;2020/08/28;https://www.data.gouv.fr/fr/datasets/fichier-consolide-des-bornes-de-recharge-pour-vehicules-electriques-irve/#resource-df1a0148-83ca-41bd-8286-cede282b7c0a
Aix-Marseille-Provence;BOUYGUES ENERGIES ET SERVICES;MAMP;FR*M13*P13047*011;ISTRES - Cec Piscine;Cec Piscine 13800 ISTRES;13047;;;4;FR*M13*E13047*011*3;18.0;EF - T2;payant;24h/24 7j/7;Recharge par badge et avec une application smartphone;2020/08/28;https://www.data.gouv.fr/fr/datasets/fichier-consolide-des-bornes-de-recharge-pour-vehicules-electriques-irve/#resource-df1a0148-83ca-41bd-8286-cede282b7c0a
Aix-Marseille-Provence;BOUYGUES ENERGIES ET SERVICES;MAMP;FR*M13*P13047*012;ISTRES - Cec Stade;Cec Stade 13800 ISTRES;13047;;;4;FR*M13*E13047*012*3;18.0;EF - T2;payant;24h/24 7j/7;Recharge par badge et avec une application smartphone;2020/08/28;https://www.data.gouv.fr/fr/datasets/fichier-consolide-des-bornes-de-recharge-pour-vehicules-electriques-irve/#resource-df1a0148-83ca-41bd-8286-cede282b7c0a
Aix-Marseille-Provence;BOUYGUES ENERGIES ET SERVICES;MAMP;FR*M13*P13001*005;AIX-EN-PROVENCE - Cours Sextius;Cours Sextius 13090 AIX-EN-PROVENCE;13001;;;2;FR*M13*E13001*005*1;22.0;EF - T2;payant;24h/24 7j/7;Recharge par badge et avec une application smartphone;2020/08/28;https://www.data.gouv.fr/fr/datasets/fichier-consolide-des-bornes-de-recharge-pour-vehicules-electriques-irve/#resource-df1a0148-83ca-41bd-8286-cede282b7c0a
Aix-Marseille-Provence;BOUYGUES ENERGIES ET SERVICES;MAMP;FR*M13*P13203*004;MARSEILLE-3E - 418 Rue René Cassin;Allée des Coudercs - Parking aire de jeu 0 MARSEILLE-3E;13055;;;0;FR*M13*E13203*004*2;22.0;EF - T2;payant;24h/24 7j/7;Recharge par badge et avec une application smartphone;2020/08/28;https://www.data.gouv.fr/fr/datasets/fichier-consolide-des-bornes-de-recharge-pour-vehicules-electriques-irve/#resource-df1a0148-83ca-41bd-8286-cede282b7c0a
Aix-Marseille-Provence;BOUYGUES ENERGIES ET SERVICES;MAMP;FR*M13*P13001*007;AIX-EN-PROVENCE - Boulevard Du Roi René;Boulevard Du Roi René 13090 AIX-EN-PROVENCE;13001;;;0;FR*M13*E13001*007*1;22.0;EF - T2;payant;24h/24 7j/7;Recharge par badge et avec une application smartphone;2020/08/28;https://www.data.gouv.fr/fr/datasets/fichier-consolide-des-bornes-de-recharge-pour-vehicules-electriques-irve/#resource-df1a0148-83ca-41bd-8286-cede282b7c0a
Aix-Marseille-Provence;BOUYGUES ENERGIES ET SERVICES;MAMP;FR*M13*P13202*002;MARSEILLE-2E - 29 Boulevard De Dunkerque;Allée des Coudercs - Parking aire de jeu 0 MARSEILLE-2E;13055;;;0;FR*M13*E13202*002*1;22.0;EF - T2;payant;24h/24 7j/7;Recharge par badge et avec une application smartphone;2020/08/28;https://www.data.gouv.fr/fr/datasets/fichier-consolide-des-bornes-de-recharge-pour-vehicules-electriques-irve/#resource-df1a0148-83ca-41bd-8286-cede282b7c0a
Aix-Marseille-Provence;BOUYGUES ENERGIES ET SERVICES;MAMP;FR*M13*P13213*002;MARSEILLE-13E - 6 Chemin De Palama;Allée des Coudercs - Parking aire de jeu 0 MARSEILLE-13E;13055;;;2;FR*M13*E13213*002*1;22.0;EF - T2;payant;24h/24 7j/7;Recharge par badge et avec une application smartphone;2020/08/28;https://www.data.gouv.fr/fr/datasets/fichier-consolide-des-bornes-de-recharge-pour-vehicules-electriques-irve/#resource-df1a0148-83ca-41bd-8286-cede282b7c0a
Aix-Marseille-Provence;BOUYGUES ENERGIES ET SERVICES;MAMP;FR*M13*P13047*002;ISTRES - Parking Des Arnavaux;Parking Des Arnavaux 13800 ISTRES;13047;;;4;FR*M13*E13047*002*2;18.0;EF - T2;payant;24h/24 7j/7;Recharge par badge et avec une application smartphone;2020/08/28;https://www.data.gouv.fr/fr/datasets/fichier-consolide-des-bornes-de-recharge-pour-vehicules-electriques-irve/#resource-df1a0148-83ca-41bd-8286-cede282b7c0a
Aix-Marseille-Provence;BOUYGUES ENERGIES ET SERVICES;MAMP;FR*M13*P13207*006;MARSEILLE-7E - Square Du Lieutenant Danjaume;Allée des Coudercs - Parking aire de jeu 0 MARSEILLE-7E;13055;;;0;FR*M13*E13207*006*1;22.0;EF - T2;payant;24h/24 7j/7;Recharge par badge et avec une application smartphone;2020/08/28;https://www.data.gouv.fr/fr/datasets/fichier-consolide-des-bornes-de-recharge-pour-vehicules-electriques-irve/#resource-df1a0148-83ca-41bd-8286-cede282b7c0a
Aix-Marseille-Provence;BOUYGUES ENERGIES ET SERVICES;MAMP;FR*M13*P13107*001;SIMIANE-COLLONGUE - 4 Rue Lambert;Allée des Coudercs - Parking aire de jeu 0 SIMIANE-COLLONGUE;13107;;;0;FR*M13*E13107*001*1;22.0;EF - T2;payant;24h/24 7j/7;Recharge par badge et avec une application smartphone;2020/08/28;https://www.data.gouv.fr/fr/datasets/fichier-consolide-des-bornes-de-recharge-pour-vehicules-electriques-irve/#resource-df1a0148-83ca-41bd-8286-cede282b7c0a
Aix-Marseille-Provence;BOUYGUES ENERGIES ET SERVICES;MAMP;FR*M13*P13213*005;MARSEILLE-13E - 45 Avenue De Saint-Jérôme;Allée des Coudercs - Parking aire de jeu 0 MARSEILLE-13E;13055;;;0;FR*M13*E13213*005*2;22.0;EF - T2;payant;24h/24 7j/7;Recharge par badge et avec une application smartphone;2020/08/28;https://www.data.gouv.fr/fr/datasets/fichier-consolide-des-bornes-de-recharge-pour-vehicules-electriques-irve/#resource-df1a0148-83ca-41bd-8286-cede282b7c0a
Aix-Marseille-Provence;BOUYGUES ENERGIES ET SERVICES;MAMP;FR*M13*P13203*001;MARSEILLE-3E - 20 Rue Désirée Clary;Allée des Coudercs - Parking aire de jeu 0 MARSEILLE-3E;13055;;;0;FR*M13*E13203*001*2;22.0;EF - T2;payant;24h/24 7j/7;Recharge par badge et avec une application smartphone;2020/08/28;https://www.data.gouv.fr/fr/datasets/fichier-consolide-des-bornes-de-recharge-pour-vehicules-electriques-irve/#resource-df1a0148-83ca-41bd-8286-cede282b7c0a
Aix-Marseille-Provence;BOUYGUES ENERGIES ET SERVICES;MAMP;FR*M13*P13055*006;MARSEILLE - Parking De La Mairie, Bd Bouyala D'Arnaud;Parking De La Mairie, Bd Bouyala D'Arnaud 13000 MARSEILLE;13055;;;2;FR*M13*E13055*006*1;4.0;EF;payant;24h/24 7j/7;Recharge par badge et avec une application smartphone;2020/08/28;https://www.data.gouv.fr/fr/datasets/fichier-consolide-des-bornes-de-recharge-pour-vehicules-electriques-irve/#resource-df1a0148-83ca-41bd-8286-cede282b7c0a
Aix-Marseille-Provence;BOUYGUES ENERGIES ET SERVICES;MAMP;FR*M13*P13047*012;ISTRES - Cec Stade;Cec Stade 13800 ISTRES;13047;;;4;FR*M13*E13047*012*1;18.0;EF - T2;payant;24h/24 7j/7;Recharge par badge et avec une application smartphone;2020/08/28;https://www.data.gouv.fr/fr/datasets/fichier-consolide-des-bornes-de-recharge-pour-vehicules-electriques-irve/#resource-df1a0148-83ca-41bd-8286-cede282b7c0a
Aix-Marseille-Provence;BOUYGUES ENERGIES ET SERVICES;MAMP;FR*M13*P13056*004;MARTIGUES - Avenue De La Gare De La Couronne;Avenue De La Gare De La Couronne 13500 MARTIGUES;13056;;;2;FR*M13*E13056*004*1;22.0;EF - T2;payant;24h/24 7j/7;Recharge par badge et avec une application smartphone;2020/08/28;https://www.data.gouv.fr/fr/datasets/fichier-consolide-des-bornes-de-recharge-pour-vehicules-electriques-irve/#resource-df1a0148-83ca-41bd-8286-cede282b7c0a
Aix-Marseille-Provence;BOUYGUES ENERGIES ET SERVICES;MAMP;FR*M13*P13001*004;AIX-EN-PROVENCE - Place Albert Laforest;Place Albert Laforest 13080 AIX-EN-PROVENCE;13001;;;0;FR*M13*E13001*004*1;22.0;EF - T2;payant;24h/24 7j/7;Recharge par badge et avec une application smartphone;2020/08/28;https://www.data.gouv.fr/fr/datasets/fichier-consolide-des-bornes-de-recharge-pour-vehicules-electriques-irve/#resource-df1a0148-83ca-41bd-8286-cede282b7c0a
Aix-Marseille-Provence;BOUYGUES ENERGIES ET SERVICES;MAMP;FR*M13*P13205*005;MARSEILLE-5E - Boulevard Jean Moulin (Jarret);Boulevard Jean Moulin (Jarret) 13005 MARSEILLE-5E;13055;;;2;FR*M13*E13205*005*2;22.0;EF - T2;payant;24h/24 7j/7;Recharge par badge et avec une application smartphone;2020/08/28;https://www.data.gouv.fr/fr/datasets/fichier-consolide-des-bornes-de-recharge-pour-vehicules-electriques-irve/#resource-df1a0148-83ca-41bd-8286-cede282b7c0a
Aix-Marseille-Provence;BOUYGUES ENERGIES ET SERVICES;MAMP;FR*M13*P13210*005;MARSEILLE-10E - 1 Rue Alfred Curtel;Allée des Coudercs - Parking aire de jeu 0 MARSEILLE-10E;13055;;;0;FR*M13*E13210*005*2;22.0;EF - T2;payant;24h/24 7j/7;Recharge par badge et avec une application smartphone;2020/08/28;https://www.data.gouv.fr/fr/datasets/fichier-consolide-des-bornes-de-recharge-pour-vehicules-electriques-irve/#resource-df1a0148-83ca-41bd-8286-cede282b7c0a
Aix-Marseille-Provence;BOUYGUES ENERGIES ET SERVICES;MAMP;FR*M13*P13035*001;EYGUIERES - Avenue Saint Veredeme;Avenue Saint Veredeme 0 EYGUIERES;13035;;;0;FR*M13*E13035*001*1;22.0;EF - T2;payant;24h/24 7j/7;Recharge par badge et avec une application smartphone;2020/08/28;https://www.data.gouv.fr/fr/datasets/fichier-consolide-des-bornes-de-recharge-pour-vehicules-electriques-irve/#resource-df1a0148-83ca-41bd-8286-cede282b7c0a
Aix-Marseille-Provence;BOUYGUES ENERGIES ET SERVICES;MAMP;FR*M13*P13204*002;MARSEILLE-4E - 41 Boulevard Françoise Duparc;Boulevard De La Blancarde 13004 MARSEILLE-4E;13055;;;2;FR*M13*E13204*002*2;22.0;EF - T2;payant;24h/24 7j/7;Recharge par badge et avec une application smartphone;2020/08/28;https://www.data.gouv.fr/fr/datasets/fichier-consolide-des-bornes-de-recharge-pour-vehicules-electriques-irve/#resource-df1a0148-83ca-41bd-8286-cede282b7c0a
Aix-Marseille-Provence;BOUYGUES ENERGIES ET SERVICES;MAMP;FR*M13*P13215*005;MARSEILLE-15E - 456 Rue De Lyon;Allée des Coudercs - Parking aire de jeu 0 MARSEILLE-15E;13055;;;0;FR*M13*E13215*005*1;22.0;EF - T2;payant;24h/24 7j/7;Recharge par badge et avec une application smartphone;2020/08/28;https://www.data.gouv.fr/fr/datasets/fichier-consolide-des-bornes-de-recharge-pour-vehicules-electriques-irve/#resource-df1a0148-83ca-41bd-8286-cede282b7c0a
Aix-Marseille-Provence;BOUYGUES ENERGIES ET SERVICES;MAMP;FR*M13*P13206*005;MARSEILLE-6E - Cours Lieutaud;Cours Lieutaud 13006 MARSEILLE-6E;13055;;;2;FR*M13*E13206*005*1;22.0;EF - T2;payant;24h/24 7j/7;Recharge par badge et avec une application smartphone;2020/08/28;https://www.data.gouv.fr/fr/datasets/fichier-consolide-des-bornes-de-recharge-pour-vehicules-electriques-irve/#resource-df1a0148-83ca-41bd-8286-cede282b7c0a
Aix-Marseille-Provence;BOUYGUES ENERGIES ET SERVICES;MAMP;FR*M13*P13203*005;MARSEILLE-3E - 71 Avenue Roger Salengro;Allée des Coudercs - Parking aire de jeu 0 MARSEILLE-3E;13055;;;0;FR*M13*E13203*005*2;22.0;EF - T2;payant;24h/24 7j/7;Recharge par badge et avec une application smartphone;2020/08/28;https://www.data.gouv.fr/fr/datasets/fichier-consolide-des-bornes-de-recharge-pour-vehicules-electriques-irve/#resource-df1a0148-83ca-41bd-8286-cede282b7c0a
Aix-Marseille-Provence;BOUYGUES ENERGIES ET SERVICES;MAMP;FR*M13*P13213*001;MARSEILLE-13E - Avenue Des Poilus;Avenue Des Poilus 13013 MARSEILLE-13E;13055;;;2;FR*M13*E13213*001*1;22.0;EF - T2;payant;24h/24 7j/7;Recharge par badge et avec une application smartphone;2020/08/28;https://www.data.gouv.fr/fr/datasets/fichier-consolide-des-bornes-de-recharge-pour-vehicules-electriques-irve/#resource-df1a0148-83ca-41bd-8286-cede282b7c0a
Aix-Marseille-Provence;BOUYGUES ENERGIES ET SERVICES;MAMP;FR*M13*P13214*002;MARSEILLE-14E - 42 Boulevard Charles Moretti;Allée des Coudercs - Parking aire de jeu 0 MARSEILLE-14E;13055;;;2;FR*M13*E13214*002*1;22.0;EF - T2;payant;24h/24 7j/7;Recharge par badge et avec une application smartphone;2020/08/28;https://www.data.gouv.fr/fr/datasets/fichier-consolide-des-bornes-de-recharge-pour-vehicules-electriques-irve/#resource-df1a0148-83ca-41bd-8286-cede282b7c0a
Aix-Marseille-Provence;BOUYGUES ENERGIES ET SERVICES;MAMP;FR*M13*P13055*001;MARSEILLE - Parking Relais Einstein;Parking Relais Einstein 13000 MARSEILLE;13055;;;2;FR*M13*E13055*001*1;4.0;EF;payant;24h/24 7j/7;Recharge par badge et avec une application smartphone;2020/08/28;https://www.data.gouv.fr/fr/datasets/fichier-consolide-des-bornes-de-recharge-pour-vehicules-electriques-irve/#resource-df1a0148-83ca-41bd-8286-cede282b7c0a
Aix-Marseille-Provence;BOUYGUES ENERGIES ET SERVICES;MAMP;FR*M13*P13021*001;CARRY-LE-ROUET - Avenue Aristide Briand;Avenue Aristide Briand 13620 CARRY-LE-ROUET;13021;;;2;FR*M13*E13021*001*2;22.0;EF - T2;payant;24h/24 7j/7;Recharge par badge et avec une application smartphone;2020/08/28;https://www.data.gouv.fr/fr/datasets/fichier-consolide-des-bornes-de-recharge-pour-vehicules-electriques-irve/#resource-df1a0148-83ca-41bd-8286-cede282b7c0a
Aix-Marseille-Provence;BOUYGUES ENERGIES ET SERVICES;MAMP;FR*M13*P13119*001;CARNOUX-EN-PROVENCE - Place Du Maréchal Lyautey;Place Du Maréchal Lyautey 13470 CARNOUX-EN-PROVENCE;13119;;;2;FR*M13*E13119*001*2;22.0;EF - T2;payant;24h/24 7j/7;Recharge par badge et avec une application smartphone;2020/08/28;https://www.data.gouv.fr/fr/datasets/fichier-consolide-des-bornes-de-recharge-pour-vehicules-electriques-irve/#resource-df1a0148-83ca-41bd-8286-cede282b7c0a
Aix-Marseille-Provence;BOUYGUES ENERGIES ET SERVICES;MAMP;FR*M13*P13001*022;AIX-EN-PROVENCE - 49 Boulevard Carnot;49 Boulevard Carnot 0 AIX-EN-PROVENCE;13001;;;0;FR*M13*E13001*022*2;22.0;EF - T2;payant;24h/24 7j/7;Recharge par badge et avec une application smartphone;2020/08/28;https://www.data.gouv.fr/fr/datasets/fichier-consolide-des-bornes-de-recharge-pour-vehicules-electriques-irve/#resource-df1a0148-83ca-41bd-8286-cede282b7c0a
Aix-Marseille-Provence;BOUYGUES ENERGIES ET SERVICES;MAMP;FR*M13*P13210*004;MARSEILLE-10E - 1 Rue Gaston Berger;Allée des Coudercs - Parking aire de jeu 0 MARSEILLE-10E;13055;;;2;FR*M13*E13210*004*1;22.0;EF - T2;payant;24h/24 7j/7;Recharge par badge et avec une application smartphone;2020/08/28;https://www.data.gouv.fr/fr/datasets/fichier-consolide-des-bornes-de-recharge-pour-vehicules-electriques-irve/#resource-df1a0148-83ca-41bd-8286-cede282b7c0a
Aix-Marseille-Provence;BOUYGUES ENERGIES ET SERVICES;MAMP;FR*M13*P13002*003;ALLAUCH - Chemin Du Garlaban - Parking Monge;Chemin Du Garlaban - Parking Monge 0 ALLAUCH;13002;;;0;FR*M13*E13002*003*2;22.0;EF - T2;payant;24h/24 7j/7;Recharge par badge et avec une application smartphone;2020/08/28;https://www.data.gouv.fr/fr/datasets/fichier-consolide-des-bornes-de-recharge-pour-vehicules-electriques-irve/#resource-df1a0148-83ca-41bd-8286-cede282b7c0a
Aix-Marseille-Provence;BOUYGUES ENERGIES ET SERVICES;MAMP;FR*M13*P13056*005;MARTIGUES - Quai Jean Verandy;Quai Jean Verandy 13500 MARTIGUES;13056;;;2;FR*M13*E13056*005*1;22.0;EF - T2;payant;24h/24 7j/7;Recharge par badge et avec une application smartphone;2020/08/28;https://www.data.gouv.fr/fr/datasets/fichier-consolide-des-bornes-de-recharge-pour-vehicules-electriques-irve/#resource-df1a0148-83ca-41bd-8286-cede282b7c0a
Aix-Marseille-Provence;BOUYGUES ENERGIES ET SERVICES;MAMP;FR*M13*P13051*001;LANCON-PROVENCE - Rue Conseiller De Trets (Rue De Bir Hakeim);Rue Conseiller De Trets (Rue De Bir Hakeim) 13680 LANCON-PROVENCE;13051;;;0;FR*M13*E13051*001*2;22.0;EF - T2;payant;24h/24 7j/7;Recharge par badge et avec une application smartphone;2020/08/28;https://www.data.gouv.fr/fr/datasets/fichier-consolide-des-bornes-de-recharge-pour-vehicules-electriques-irve/#resource-df1a0148-83ca-41bd-8286-cede282b7c0a
Aix-Marseille-Provence;BOUYGUES ENERGIES ET SERVICES;MAMP;FR*M13*P13098*001;SAINT-MITRE-LES-REMPARTS - Résidence Les Remparts;Résidence Les Remparts 13920 SAINT-MITRE-LES-REMPARTS;13098;;;2;FR*M13*E13098*001*2;22.0;EF - T2;payant;24h/24 7j/7;Recharge par badge et avec une application smartphone;2020/08/28;https://www.data.gouv.fr/fr/datasets/fichier-consolide-des-bornes-de-recharge-pour-vehicules-electriques-irve/#resource-df1a0148-83ca-41bd-8286-cede282b7c0a
Aix-Marseille-Provence;BOUYGUES ENERGIES ET SERVICES;MAMP;FR*M13*P13119*001;CARNOUX-EN-PROVENCE - Place Du Maréchal Lyautey;Place Du Maréchal Lyautey 13470 CARNOUX-EN-PROVENCE;13119;;;2;FR*M13*E13119*001*1;22.0;EF - T2;payant;24h/24 7j/7;Recharge par badge et avec une application smartphone;2020/08/28;https://www.data.gouv.fr/fr/datasets/fichier-consolide-des-bornes-de-recharge-pour-vehicules-electriques-irve/#resource-df1a0148-83ca-41bd-8286-cede282b7c0a
Aix-Marseille-Provence;BOUYGUES ENERGIES ET SERVICES;MAMP;FR*M13*P13207*001;MARSEILLE-7E - Avenue De La Corse;Avenue De La Corse 13007 MARSEILLE-7E;13055;;;2;FR*M13*E13207*001*1;22.0;EF - T2;payant;24h/24 7j/7;Recharge par badge et avec une application smartphone;2020/08/28;https://www.data.gouv.fr/fr/datasets/fichier-consolide-des-bornes-de-recharge-pour-vehicules-electriques-irve/#resource-df1a0148-83ca-41bd-8286-cede282b7c0a
Aix-Marseille-Provence;BOUYGUES ENERGIES ET SERVICES;MAMP;FR*M13*P13050*001;LAMBESC - Route De Caireval;Route De Caireval 13410 LAMBESC;13050;;;2;FR*M13*E13050*001*1;22.0;EF - T2;payant;24h/24 7j/7;Recharge par badge et avec une application smartphone;2020/08/28;https://www.data.gouv.fr/fr/datasets/fichier-consolide-des-bornes-de-recharge-pour-vehicules-electriques-irve/#resource-df1a0148-83ca-41bd-8286-cede282b7c0a
Aix-Marseille-Provence;BOUYGUES ENERGIES ET SERVICES;MAMP;FR*M13*P13056*002;MARTIGUES - Avenue Du Président Salvadore Allende;Avenue Du Président Salvadore Allende 13500 MARTIGUES;13056;;;0;FR*M13*E13056*002*1;22.0;EF - T2;payant;24h/24 7j/7;Recharge par badge et avec une application smartphone;2020/08/28;https://www.data.gouv.fr/fr/datasets/fichier-consolide-des-bornes-de-recharge-pour-vehicules-electriques-irve/#resource-df1a0148-83ca-41bd-8286-cede282b7c0a
Aix-Marseille-Provence;BOUYGUES ENERGIES ET SERVICES;MAMP;FR*M13*P13047*011;ISTRES - Cec Piscine;Cec Piscine 13800 ISTRES;13047;;;4;FR*M13*E13047*011*4;18.0;EF - T2;payant;24h/24 7j/7;Recharge par badge et avec une application smartphone;2020/08/28;https://www.data.gouv.fr/fr/datasets/fichier-consolide-des-bornes-de-recharge-pour-vehicules-electriques-irve/#resource-df1a0148-83ca-41bd-8286-cede282b7c0a
Aix-Marseille-Provence;BOUYGUES ENERGIES ET SERVICES;MAMP;FR*M13*P13206*001;MARSEILLE-6E - Rue Du Dr Fiolle;Rue Du Dr Fiolle 13006 MARSEILLE-6E;13055;;;2;FR*M13*E13206*001*1;22.0;EF - T2;payant;24h/24 7j/7;Recharge par badge et avec une application smartphone;2020/08/28;https://www.data.gouv.fr/fr/datasets/fichier-consolide-des-bornes-de-recharge-pour-vehicules-electriques-irve/#resource-df1a0148-83ca-41bd-8286-cede282b7c0a
Aix-Marseille-Provence;BOUYGUES ENERGIES ET SERVICES;MAMP;FR*M13*P13001*014;AIX-EN-PROVENCE - Cours Marcel Bremond;Cours Marcel Bremond 13290 AIX-EN-PROVENCE;13001;;;2;FR*M13*E13001*014*1;22.0;EF - T2;payant;24h/24 7j/7;Recharge par badge et avec une application smartphone;2020/08/28;https://www.data.gouv.fr/fr/datasets/fichier-consolide-des-bornes-de-recharge-pour-vehicules-electriques-irve/#resource-df1a0148-83ca-41bd-8286-cede282b7c0a
Aix-Marseille-Provence;BOUYGUES ENERGIES ET SERVICES;MAMP;FR*M13*P13214*003;MARSEILLE-14E - 9 Boulevard Gay Lussac;Allée des Coudercs - Parking aire de jeu 0 MARSEILLE-14E;13055;;;0;FR*M13*E13214*003*1;22.0;EF - T2;payant;24h/24 7j/7;Recharge par badge et avec une application smartphone;2020/08/28;https://www.data.gouv.fr/fr/datasets/fichier-consolide-des-bornes-de-recharge-pour-vehicules-electriques-irve/#resource-df1a0148-83ca-41bd-8286-cede282b7c0a
Aix-Marseille-Provence;BOUYGUES ENERGIES ET SERVICES;MAMP;FR*M13*P13047*007;ISTRES - Sous Préfecture;Sous Préfecture 13800 ISTRES;13047;;;2;FR*M13*E13047*007*1;18.0;EF - T2;payant;24h/24 7j/7;Recharge par badge et avec une application smartphone;2020/08/28;https://www.data.gouv.fr/fr/datasets/fichier-consolide-des-bornes-de-recharge-pour-vehicules-electriques-irve/#resource-df1a0148-83ca-41bd-8286-cede282b7c0a
Aix-Marseille-Provence;BOUYGUES ENERGIES ET SERVICES;MAMP;FR*M13*P13204*001;MARSEILLE-4E - Avenue Des Chutes Lavie;Avenue Des Chutes Lavie 13004 MARSEILLE-4E;13055;;;2;FR*M13*E13204*001*2;22.0;EF - T2;payant;24h/24 7j/7;Recharge par badge et avec une application smartphone;2020/08/28;https://www.data.gouv.fr/fr/datasets/fichier-consolide-des-bornes-de-recharge-pour-vehicules-electriques-irve/#resource-df1a0148-83ca-41bd-8286-cede282b7c0a
Aix-Marseille-Provence;BOUYGUES ENERGIES ET SERVICES;MAMP;FR*M13*P13202*001;MARSEILLE-2E - 8 Rue De La Loge;Allée des Coudercs - Parking aire de jeu 0 MARSEILLE-2E;13055;;;2;FR*M13*E13202*001*2;22.0;EF - T2;payant;24h/24 7j/7;Recharge par badge et avec une application smartphone;2020/08/28;https://www.data.gouv.fr/fr/datasets/fichier-consolide-des-bornes-de-recharge-pour-vehicules-electriques-irve/#resource-df1a0148-83ca-41bd-8286-cede282b7c0a
Aix-Marseille-Provence;BOUYGUES ENERGIES ET SERVICES;MAMP;FR*M13*P13203*003;MARSEILLE-3E - 14 Rue Chanterac;Allée des Coudercs - Parking aire de jeu 0 MARSEILLE-3E;13055;;;0;FR*M13*E13203*003*2;22.0;EF - T2;payant;24h/24 7j/7;Recharge par badge et avec une application smartphone;2020/08/28;https://www.data.gouv.fr/fr/datasets/fichier-consolide-des-bornes-de-recharge-pour-vehicules-electriques-irve/#resource-df1a0148-83ca-41bd-8286-cede282b7c0a
Aix-Marseille-Provence;BOUYGUES ENERGIES ET SERVICES;MAMP;FR*M13*P13102*001;SAINT-VICTORET - Boulevard Paul Liotard;Allée des Coudercs - Parking aire de jeu 0 SAINT-VICTORET;13102;;;2;FR*M13*E13102*001*1;22.0;EF - T2;payant;24h/24 7j/7;Recharge par badge et avec une application smartphone;2020/08/28;https://www.data.gouv.fr/fr/datasets/fichier-consolide-des-bornes-de-recharge-pour-vehicules-electriques-irve/#resource-df1a0148-83ca-41bd-8286-cede282b7c0a
Aix-Marseille-Provence;BOUYGUES ENERGIES ET SERVICES;MAMP;FR*M13*P13047*004;ISTRES - Parvis Hotel De Ville - Esplanade Bernadin Laugier;Parvis Hotel De Ville - Esplanade Bernadin Laugier 13800 ISTRES;13047;;;6;FR*M13*E13047*004*1;18.0;T2 - EF;payant;24h/24 7j/7;Recharge par badge et avec une application smartphone;2020/08/28;https://www.data.gouv.fr/fr/datasets/fichier-consolide-des-bornes-de-recharge-pour-vehicules-electriques-irve/#resource-df1a0148-83ca-41bd-8286-cede282b7c0a
Aix-Marseille-Provence;BOUYGUES ENERGIES ET SERVICES;MAMP;FR*M13*P13041*004;GARDANNE - Parking De La Cité Administrative;Parking De La Cité Administrative 0 GARDANNE;13041;;;0;FR*M13*E13041*004*2;22.0;EF - T2;payant;24h/24 7j/7;Recharge par badge et avec une application smartphone;2020/08/28;https://www.data.gouv.fr/fr/datasets/fichier-consolide-des-bornes-de-recharge-pour-vehicules-electriques-irve/#resource-df1a0148-83ca-41bd-8286-cede282b7c0a
Aix-Marseille-Provence;BOUYGUES ENERGIES ET SERVICES;MAMP;FR*M13*P13042*002;GEMENOS - D396;D396 0 GEMENOS;13042;;;0;FR*M13*E13042*002*2;22.0;EF - T2;payant;24h/24 7j/7;Recharge par badge et avec une application smartphone;2020/08/28;https://www.data.gouv.fr/fr/datasets/fichier-consolide-des-bornes-de-recharge-pour-vehicules-electriques-irve/#resource-df1a0148-83ca-41bd-8286-cede282b7c0a
Aix-Marseille-Provence;BOUYGUES ENERGIES ET SERVICES;MAMP;FR*M13*P13001*002;AIX-EN-PROVENCE - Avenue François Argo - Parking Annexe Mairie;Avenue François Argo - Parking Annexe Mairie 13100 AIX-EN-PROVENCE;13001;;;2;FR*M13*E13001*002*2;22.0;EF - T2;payant;24h/24 7j/7;Recharge par badge et avec une application smartphone;2020/08/28;https://www.data.gouv.fr/fr/datasets/fichier-consolide-des-bornes-de-recharge-pour-vehicules-electriques-irve/#resource-df1a0148-83ca-41bd-8286-cede282b7c0a
Aix-Marseille-Provence;BOUYGUES ENERGIES ET SERVICES;MAMP;FR*M13*P13206*005;MARSEILLE-6E - Cours Lieutaud;Cours Lieutaud 13006 MARSEILLE-6E;13055;;;2;FR*M13*E13206*005*2;22.0;EF - T2;payant;24h/24 7j/7;Recharge par badge et avec une application smartphone;2020/08/28;https://www.data.gouv.fr/fr/datasets/fichier-consolide-des-bornes-de-recharge-pour-vehicules-electriques-irve/#resource-df1a0148-83ca-41bd-8286-cede282b7c0a
Aix-Marseille-Provence;BOUYGUES ENERGIES ET SERVICES;MAMP;FR*M13*P13055*005;MARSEILLE - Parking De La Gare La Barasse;Parking De La Gare La Barasse 13000 MARSEILLE;13055;;;2;FR*M13*E13055*005*1;4.0;EF;payant;24h/24 7j/7;Recharge par badge et avec une application smartphone;2020/08/28;https://www.data.gouv.fr/fr/datasets/fichier-consolide-des-bornes-de-recharge-pour-vehicules-electriques-irve/#resource-df1a0148-83ca-41bd-8286-cede282b7c0a
Aix-Marseille-Provence;BOUYGUES ENERGIES ET SERVICES;MAMP;FR*M13*P13204*005;MARSEILLE-4E - Rue Du Bosquet;Rue Du Bosquet 13004 MARSEILLE-4E;13055;;;2;FR*M13*E13204*005*1;22.0;EF - T2;payant;24h/24 7j/7;Recharge par badge et avec une application smartphone;2020/08/28;https://www.data.gouv.fr/fr/datasets/fichier-consolide-des-bornes-de-recharge-pour-vehicules-electriques-irve/#resource-df1a0148-83ca-41bd-8286-cede282b7c0a
Aix-Marseille-Provence;BOUYGUES ENERGIES ET SERVICES;MAMP;FR*M13*P13029*001;CORNILLON-CONFOUX - Rue Des Ferrages;Rue Des Ferrages 13250 CORNILLON-CONFOUX;13029;;;2;FR*M13*E13029*001*2;22.0;EF - T2;payant;24h/24 7j/7;Recharge par badge et avec une application smartphone;2020/08/28;https://www.data.gouv.fr/fr/datasets/fichier-consolide-des-bornes-de-recharge-pour-vehicules-electriques-irve/#resource-df1a0148-83ca-41bd-8286-cede282b7c0a
Aix-Marseille-Provence;BOUYGUES ENERGIES ET SERVICES;MAMP;FR*M13*P13203*005;MARSEILLE-3E - 71 Avenue Roger Salengro;Allée des Coudercs - Parking aire de jeu 0 MARSEILLE-3E;13055;;;0;FR*M13*E13203*005*1;22.0;EF - T2;payant;24h/24 7j/7;Recharge par badge et avec une application smartphone;2020/08/28;https://www.data.gouv.fr/fr/datasets/fichier-consolide-des-bornes-de-recharge-pour-vehicules-electriques-irve/#resource-df1a0148-83ca-41bd-8286-cede282b7c0a
Aix-Marseille-Provence;BOUYGUES ENERGIES ET SERVICES;MAMP;FR*M13*P13050*001;LAMBESC - Route De Caireval;Route De Caireval 13410 LAMBESC;13050;;;2;FR*M13*E13050*001*2;22.0;EF - T2;payant;24h/24 7j/7;Recharge par badge et avec une application smartphone;2020/08/28;https://www.data.gouv.fr/fr/datasets/fichier-consolide-des-bornes-de-recharge-pour-vehicules-electriques-irve/#resource-df1a0148-83ca-41bd-8286-cede282b7c0a
Aix-Marseille-Provence;BOUYGUES ENERGIES ET SERVICES;MAMP;FR*M13*P13044*001;GRANS - Rue De L'Egalité - Parking Place Du Souvenir Français;Rue De L'Egalité - Parking Place Du Souvenir Français 13450 GRANS;13044;;;2;FR*M13*E13044*001*2;22.0;EF - T2;payant;24h/24 7j/7;Recharge par badge et avec une application smartphone;2020/08/28;https://www.data.gouv.fr/fr/datasets/fichier-consolide-des-bornes-de-recharge-pour-vehicules-electriques-irve/#resource-df1a0148-83ca-41bd-8286-cede282b7c0a
Aix-Marseille-Provence;BOUYGUES ENERGIES ET SERVICES;MAMP;FR*M13*P13107*001;SIMIANE-COLLONGUE - 4 Rue Lambert;Allée des Coudercs - Parking aire de jeu 0 SIMIANE-COLLONGUE;13107;;;0;FR*M13*E13107*001*2;22.0;EF - T2;payant;24h/24 7j/7;Recharge par badge et avec une application smartphone;2020/08/28;https://www.data.gouv.fr/fr/datasets/fichier-consolide-des-bornes-de-recharge-pour-vehicules-electriques-irve/#resource-df1a0148-83ca-41bd-8286-cede282b7c0a
Aix-Marseille-Provence;BOUYGUES ENERGIES ET SERVICES;MAMP;FR*M13*P13928*001;ENTRESSENS - Place Dei Blagiaires;Place Dei Blagiaires 13118 ENTRESSENS;13047;;;0;FR*M13*E13928*001*1;18.0;EF - T2;payant;24h/24 7j/7;Recharge par badge et avec une application smartphone;2020/08/28;https://www.data.gouv.fr/fr/datasets/fichier-consolide-des-bornes-de-recharge-pour-vehicules-electriques-irve/#resource-df1a0148-83ca-41bd-8286-cede282b7c0a
Aix-Marseille-Provence;BOUYGUES ENERGIES ET SERVICES;MAMP;FR*M13*P13047*001;ISTRES - Forum Des Carmes;Forum Des Carmes 13800 ISTRES;13047;;;2;FR*M13*E13047*001*1;18.0;EF - T2;payant;24h/24 7j/7;Recharge par badge et avec une application smartphone;2020/08/28;https://www.data.gouv.fr/fr/datasets/fichier-consolide-des-bornes-de-recharge-pour-vehicules-electriques-irve/#resource-df1a0148-83ca-41bd-8286-cede282b7c0a
Aix-Marseille-Provence;BOUYGUES ENERGIES ET SERVICES;MAMP;FR*M13*P13208*006;MARSEILLE-8E - Boulevard Bonne Brise;Boulevard Bonne Brise 13008 MARSEILLE-8E;13055;;;0;FR*M13*E13208*006*2;22.0;EF - T2;payant;24h/24 7j/7;Recharge par badge et avec une application smartphone;2020/08/28;https://www.data.gouv.fr/fr/datasets/fichier-consolide-des-bornes-de-recharge-pour-vehicules-electriques-irve/#resource-df1a0148-83ca-41bd-8286-cede282b7c0a
Aix-Marseille-Provence;BOUYGUES ENERGIES ET SERVICES;MAMP;FR*M13*P13092*001;SAINT-CHAMAS - Rue Victor Ferrier;Rue Victor Ferrier 0 SAINT-CHAMAS;13092;;;2;FR*M13*E13092*001*1;22.0;EF - T2;payant;24h/24 7j/7;Recharge par badge et avec une application smartphone;2020/08/28;https://www.data.gouv.fr/fr/datasets/fichier-consolide-des-bornes-de-recharge-pour-vehicules-electriques-irve/#resource-df1a0148-83ca-41bd-8286-cede282b7c0a
Aix-Marseille-Provence;BOUYGUES ENERGIES ET SERVICES;MAMP;FR*M13*P13030*001;CUGES-LES-PINS - Chemin Du Cimetière;Chemin Du Cimetière 0 CUGES-LES-PINS;13030;;;0;FR*M13*E13030*001*2;22.0;EF - T2;payant;24h/24 7j/7;Recharge par badge et avec une application smartphone;2020/08/28;https://www.data.gouv.fr/fr/datasets/fichier-consolide-des-bornes-de-recharge-pour-vehicules-electriques-irve/#resource-df1a0148-83ca-41bd-8286-cede282b7c0a
Aix-Marseille-Provence;BOUYGUES ENERGIES ET SERVICES;MAMP;FR*M13*P13023*001;CEYRESTE - Chemin Des Peupliers;Chemin Des Peupliers 13600 CEYRESTE;13023;;;2;FR*M13*E13023*001*1;22.0;EF - T2;payant;24h/24 7j/7;Recharge par badge et avec une application smartphone;2020/08/28;https://www.data.gouv.fr/fr/datasets/fichier-consolide-des-bornes-de-recharge-pour-vehicules-electriques-irve/#resource-df1a0148-83ca-41bd-8286-cede282b7c0a
Aix-Marseille-Provence;BOUYGUES ENERGIES ET SERVICES;MAMP;FR*M13*P13115*001;VERNEGUES - Route Du Château Bas;Route Du Château Bas 0 VERNEGUES;13115;;;2;FR*M13*E13115*001*2;22.0;EF - T2;payant;24h/24 7j/7;Recharge par badge et avec une application smartphone;2020/08/28;https://www.data.gouv.fr/fr/datasets/fichier-consolide-des-bornes-de-recharge-pour-vehicules-electriques-irve/#resource-df1a0148-83ca-41bd-8286-cede282b7c0a
Aix-Marseille-Provence;BOUYGUES ENERGIES ET SERVICES;MAMP;FR*M13*P13211*004;MARSEILLE-11E - Boulevard Pierre Ménard;Allée des Coudercs - Parking aire de jeu 0 MARSEILLE-11E;13055;;;0;FR*M13*E13211*004*1;22.0;EF - T2;payant;24h/24 7j/7;Recharge par badge et avec une application smartphone;2020/08/28;https://www.data.gouv.fr/fr/datasets/fichier-consolide-des-bornes-de-recharge-pour-vehicules-electriques-irve/#resource-df1a0148-83ca-41bd-8286-cede282b7c0a
Aix-Marseille-Provence;BOUYGUES ENERGIES ET SERVICES;MAMP;FR*M13*P13069*001;PELISSANNE - Place Roux Brignoles;Place Roux Brignoles 13330 PELISSANNE;13069;;;2;FR*M13*E13069*001*1;22.0;EF - T2;payant;24h/24 7j/7;Recharge par badge et avec une application smartphone;2020/08/28;https://www.data.gouv.fr/fr/datasets/fichier-consolide-des-bornes-de-recharge-pour-vehicules-electriques-irve/#resource-df1a0148-83ca-41bd-8286-cede282b7c0a
Aix-Marseille-Provence;BOUYGUES ENERGIES ET SERVICES;MAMP;FR*M13*P13215*006;MARSEILLE-15E - 1 Place Alphonse Canovas;Allée des Coudercs - Parking aire de jeu 0 MARSEILLE-15E;13055;;;0;FR*M13*E13215*006*1;22.0;EF - T2;payant;24h/24 7j/7;Recharge par badge et avec une application smartphone;2020/08/28;https://www.data.gouv.fr/fr/datasets/fichier-consolide-des-bornes-de-recharge-pour-vehicules-electriques-irve/#resource-df1a0148-83ca-41bd-8286-cede282b7c0a
Aix-Marseille-Provence;BOUYGUES ENERGIES ET SERVICES;MAMP;FR*M13*P13047*005;ISTRES - Place Champollion;Place Champollion 13800 ISTRES;13047;;;6;FR*M13*E13047*005*4;18.0;T2 - EF;payant;24h/24 7j/7;Recharge par badge et avec une application smartphone;2020/08/28;https://www.data.gouv.fr/fr/datasets/fichier-consolide-des-bornes-de-recharge-pour-vehicules-electriques-irve/#resource-df1a0148-83ca-41bd-8286-cede282b7c0a
MOUVELECVAR;MOUVELECVAR;;FR*S83*P83129*B;SIX FOURS LES PLAGES_157 Avenue du Mail;157 Avenue du Mail 83140 SIX FOURS LES PLAGES;83129;5.80514500;43.07510500;;FR*S83*E83129*B*B1*G;22.00;E/F + T2;Payant;24/24 7/7 jours;;2020/10/15;https://www.data.gouv.fr/fr/datasets/irve-bornes-de-recharge-pour-vehicule-electrique-departement-du-var-mouvelecvar/#resource-0e857a6c-a1f0-4fc2-a82a-7e3a7cda29f2
MOUVELECVAR;MOUVELECVAR;;FR*S83*P83098*C;LE PRADET_Parking Espace Des Arts;Parking Espace Des Arts 83220 LE PRADET;83098;6.0287;43.1070;;FR*S83*E83098*C*B1*D;22.00;E/F + T2;Payant;24/24 7/7 jours;;2020/10/15;https://www.data.gouv.fr/fr/datasets/irve-bornes-de-recharge-pour-vehicule-electrique-departement-du-var-mouvelecvar/#resource-0e857a6c-a1f0-4fc2-a82a-7e3a7cda29f2
MOUVELECVAR;MOUVELECVAR;;FR*S83*P83069*B;HYERES_Place Des Pêcheurs;Place Des Pêcheurs 83069 HYERES;83069;6.2012;43.1165;;FR*S83*E83069*B*B1*D;22.00;E/F + T2;Payant;24/24 7/7 jours;;2020/10/15;https://www.data.gouv.fr/fr/datasets/irve-bornes-de-recharge-pour-vehicule-electrique-departement-du-var-mouvelecvar/#resource-0e857a6c-a1f0-4fc2-a82a-7e3a7cda29f2
MOUVELECVAR;MOUVELECVAR;;FR*S83*P83137*A;TOULON_Ancienne prison St Roch;Ancienne prison St Roch 83000 TOULON;83137; 5.92580000;43.12510000;;FR*S83*E83137*A*B1*D;22.00;E/F + T2;Payant;24/24 7/7 jours;;2020/10/15;https://www.data.gouv.fr/fr/datasets/irve-bornes-de-recharge-pour-vehicule-electrique-departement-du-var-mouvelecvar/#resource-0e857a6c-a1f0-4fc2-a82a-7e3a7cda29f2
MOUVELECVAR;MOUVELECVAR;;FR*S83*P83023*A;BRIGNOLES_01 Rue du portail Neuf;01 Rue du portail Neuf 83170 BRIGNOLES;83023;6.06253100;43.40398300;;FR*S83*E83023*A*B1*D;22.00;E/F + T2;Payant;24/24 7/7 jours;;2020/10/15;https://www.data.gouv.fr/fr/datasets/irve-bornes-de-recharge-pour-vehicule-electrique-departement-du-var-mouvelecvar/#resource-0e857a6c-a1f0-4fc2-a82a-7e3a7cda29f2
MOUVELECVAR;MOUVELECVAR;;FR*S83*P83062*A;LA GARDE_Parking Gymnase J.Troin;Parking Gymnase J.Troin 83130 LA GARDE;83062;6.010353;43.120434;;FR*S83*E83062*A*B1*G;22.00;E/F + T2;Payant;24/24 7/7 jours;;2020/10/15;https://www.data.gouv.fr/fr/datasets/irve-bornes-de-recharge-pour-vehicule-electrique-departement-du-var-mouvelecvar/#resource-0e857a6c-a1f0-4fc2-a82a-7e3a7cda29f2
MOUVELECVAR;MOUVELECVAR;;FR*S83*P83107*D;ROQUEBRUNE SUR ARGENS_Allee Du 15 Aout 1944;Allee Du 15 Aout 1944 83380 ROQUEBRUNE SUR ARGENS;83107;6.64459500;43.50125500;;FR*S83*E83107*D*B1*G;22.00;E/F + T2;Payant;24/24 7/7 jours;;2020/10/15;https://www.data.gouv.fr/fr/datasets/irve-bornes-de-recharge-pour-vehicule-electrique-departement-du-var-mouvelecvar/#resource-0e857a6c-a1f0-4fc2-a82a-7e3a7cda29f2
MOUVELECVAR;MOUVELECVAR;;FR*S83*P83023*F;BRIGNOLES_3 Rue Bruneck Brunico;3 Rue Bruneck Brunico 83170 BRIGNOLES;83023;6.07394300;43.40811100;;FR*S83*E83023*F*B1*G;22.00;E/F + T2;Payant;24/24 7/7 jours;;2020/10/15;https://www.data.gouv.fr/fr/datasets/irve-bornes-de-recharge-pour-vehicule-electrique-departement-du-var-mouvelecvar/#resource-0e857a6c-a1f0-4fc2-a82a-7e3a7cda29f2
MOUVELECVAR;MOUVELECVAR;;FR*S83*P83121*A;SALERNES_Place Clemenceau;Place Clemenceau 83690 SALERNES;83121;6.23322500;43.56287800;;FR*S83*E83121*A*B1*G;22.00;E/F + T2;Payant;24/24 7/7 jours;;2020/10/15;https://www.data.gouv.fr/fr/datasets/irve-bornes-de-recharge-pour-vehicule-electrique-departement-du-var-mouvelecvar/#resource-0e857a6c-a1f0-4fc2-a82a-7e3a7cda29f2
MOUVELECVAR;MOUVELECVAR;;FR*S83*P83101*A;RAMATUELLE_Boulevard Du Huit Mai 1945;Boulevard Du Huit Mai 1945 83350 RAMATUELLE;83101;6.61083600;43.21721960;;FR*S83*E83101*A*B1*G;22.00;E/F + T2;Payant;24/24 7/7 jours;;2020/10/15;https://www.data.gouv.fr/fr/datasets/irve-bornes-de-recharge-pour-vehicule-electrique-departement-du-var-mouvelecvar/#resource-0e857a6c-a1f0-4fc2-a82a-7e3a7cda29f2
MOUVELECVAR;MOUVELECVAR;;FR*S83*P83049*B;CUERS_Chemin De La Guinguette;Chemin De La Guinguette 83390 CUERS;83049;6.07509500;43.23772000;;FR*S83*E83049*B*B1*G;22.00;E/F + T2;Payant;24/24 7/7 jours;;2020/10/15;https://www.data.gouv.fr/fr/datasets/irve-bornes-de-recharge-pour-vehicule-electrique-departement-du-var-mouvelecvar/#resource-0e857a6c-a1f0-4fc2-a82a-7e3a7cda29f2
MOUVELECVAR;MOUVELECVAR;;FR*S83*P83023*F;BRIGNOLES_3 Rue Bruneck Brunico;3 Rue Bruneck Brunico 83170 BRIGNOLES;83023;6.07394300;43.40811100;;FR*S83*E83023*F*B1*D;22.00;E/F + T2;Payant;24/24 7/7 jours;;2020/10/15;https://www.data.gouv.fr/fr/datasets/irve-bornes-de-recharge-pour-vehicule-electrique-departement-du-var-mouvelecvar/#resource-0e857a6c-a1f0-4fc2-a82a-7e3a7cda29f2
MOUVELECVAR;MOUVELECVAR;;FR*S83*P83049*A;CUERS_Avenue Mal De Lattre De Tassigny;Avenue Mal De Lattre De Tassigny 83390 CUERS;83049;6.07371900;43.23660900;;FR*S83*E83049*A*B1*G;22.00;E/F + T2;Payant;24/24 7/7 jours;;2020/10/15;https://www.data.gouv.fr/fr/datasets/irve-bornes-de-recharge-pour-vehicule-electrique-departement-du-var-mouvelecvar/#resource-0e857a6c-a1f0-4fc2-a82a-7e3a7cda29f2
MOUVELECVAR;MOUVELECVAR;;FR*S83*P83136*A;LE THORONET_208 Boulevard du 17 Aout 1944;208 Boulevard du 17 Aout 1944 83340 LE THORONET;83136;6.30404400;43.45090100;;FR*S83*E83136*A*B1*D;22.00;E/F + T2;Payant;24/24 7/7 jours;;2020/10/15;https://www.data.gouv.fr/fr/datasets/irve-bornes-de-recharge-pour-vehicule-electrique-departement-du-var-mouvelecvar/#resource-0e857a6c-a1f0-4fc2-a82a-7e3a7cda29f2
MOUVELECVAR;MOUVELECVAR;;FR*S83*P83091*B;PIERREFEU DU VAR_2 Rue Dr Edmond Mercier;2 Rue Dr Edmond Mercier 83390 PIERREFEU DU VAR;83091;6.14473400;43.22647800;;FR*S83*E83091*B*B1*D;22.00;E/F + T2;Payant;24/24 7/7 jours;;2020/10/15;https://www.data.gouv.fr/fr/datasets/irve-bornes-de-recharge-pour-vehicule-electrique-departement-du-var-mouvelecvar/#resource-0e857a6c-a1f0-4fc2-a82a-7e3a7cda29f2
MOUVELECVAR;MOUVELECVAR;;FR*S83*P83112*B;ST CYR SUR MER_La Falquette;La Falquette 83270 ST CYR SUR MER;83112;5.70893100;43.18144400;;FR*S83*E83112*B*B2*G;22.00;E/F + T2;Payant;24/24 7/7 jours;;2020/10/15;https://www.data.gouv.fr/fr/datasets/irve-bornes-de-recharge-pour-vehicule-electrique-departement-du-var-mouvelecvar/#resource-0e857a6c-a1f0-4fc2-a82a-7e3a7cda29f2
MOUVELECVAR;MOUVELECVAR;;FR*S83*P83026*A;CABASSE_21-22 Rue Jules Ferry;21-22 Rue Jules Ferry 83340 CABASSE;83026;6.22237200;43.42774400;;FR*S83*E83026*A*B1*G;22.00;E/F + T2;Payant;24/24 7/7 jours;;2020/10/15;https://www.data.gouv.fr/fr/datasets/irve-bornes-de-recharge-pour-vehicule-electrique-departement-du-var-mouvelecvar/#resource-0e857a6c-a1f0-4fc2-a82a-7e3a7cda29f2
MOUVELECVAR;MOUVELECVAR;;FR*S83*P83145*A;VARAGES_Place De La Liberation;Place De La Liberation 83670 VARAGES;83145;5.96040700;43.59766800;;FR*S83*E83145*A*B1*D;22.00;E/F + T2;Payant;24/24 7/7 jours;;2020/10/15;https://www.data.gouv.fr/fr/datasets/irve-bornes-de-recharge-pour-vehicule-electrique-departement-du-var-mouvelecvar/#resource-0e857a6c-a1f0-4fc2-a82a-7e3a7cda29f2
MOUVELECVAR;MOUVELECVAR;;FR*S83*P83045*A;CORRENS_Condamine;Condamine 83570 CORRENS;83045;6.08065000;43.48513000;;FR*S83*E83045*A*B1*G;22.00;E/F + T2;Payant;24/24 7/7 jours;;2020/10/15;https://www.data.gouv.fr/fr/datasets/irve-bornes-de-recharge-pour-vehicule-electrique-departement-du-var-mouvelecvar/#resource-0e857a6c-a1f0-4fc2-a82a-7e3a7cda29f2
MOUVELECVAR;MOUVELECVAR;;FR*S83*P83015*A;BAUDUEN_Rue des Jardins;Rue des Jardins 83630 BAUDUEN;83015;6.17676600;43.73247600;;FR*S83*E83015*A*B1*D;22.00;E/F + T2;Payant;24/24 7/7 jours;;2020/10/15;https://www.data.gouv.fr/fr/datasets/irve-bornes-de-recharge-pour-vehicule-electrique-departement-du-var-mouvelecvar/#resource-0e857a6c-a1f0-4fc2-a82a-7e3a7cda29f2
MOUVELECVAR;MOUVELECVAR;;FR*S83*P83043*B;COLLOBRIERES_Notre Dame;Notre Dame 83610 COLLOBRIERES;83043;6.30270500;43.23731600;;FR*S83*E83043*B*B1*G;22.00;E/F + T2;Payant;24/24 7/7 jours;;2020/10/15;https://www.data.gouv.fr/fr/datasets/irve-bornes-de-recharge-pour-vehicule-electrique-departement-du-var-mouvelecvar/#resource-0e857a6c-a1f0-4fc2-a82a-7e3a7cda29f2
MOUVELECVAR;MOUVELECVAR;;FR*S83*P83126*A;LA SEYNE SUR MER_Parking Parc Braudel;Parking Du Parc Braudel 83500 LA SEYNE SUR MER;83126;5.894283;43.080579;;FR*S83*E83126*A*B1*D;22.00;E/F + T2;Payant;24/24 7/7 jours;;2020/10/15;https://www.data.gouv.fr/fr/datasets/irve-bornes-de-recharge-pour-vehicule-electrique-departement-du-var-mouvelecvar/#resource-0e857a6c-a1f0-4fc2-a82a-7e3a7cda29f2
MOUVELECVAR;MOUVELECVAR;;FR*S83*P83090*A;OLLIOULES_Place Lemoyne;Place Lemoyne 83190 OLLIOULES;83090;5.84745100;43.13718100;;FR*S83*E83090*A*B1*D;22.00;E/F + T2;Payant;24/24 7/7 jours;;2020/10/15;https://www.data.gouv.fr/fr/datasets/irve-bornes-de-recharge-pour-vehicule-electrique-departement-du-var-mouvelecvar/#resource-0e857a6c-a1f0-4fc2-a82a-7e3a7cda29f2
MOUVELECVAR;MOUVELECVAR;;FR*S83*P83137*H;TOULON_Parking Plages Du Mourillon;Parking Plages Du Mourillon 83000 TOULON;83137;5.9522;43.1073;;FR*S83*E83137*H*B1*D;22.00;E/F + T2;Payant;24/24 7/7 jours;;2020/10/15;https://www.data.gouv.fr/fr/datasets/irve-bornes-de-recharge-pour-vehicule-electrique-departement-du-var-mouvelecvar/#resource-0e857a6c-a1f0-4fc2-a82a-7e3a7cda29f2
MOUVELECVAR;MOUVELECVAR;;FR*S83*P83044*A;COMPS-SUR-ARTUBY_Avenue De La Fontenouille;Avenue De La Fontenouille 83840 COMPS-SUR-ARTUBY;83044;6.50681600;43.71092500;;FR*S83*E83044*A*B1*D;22.00;E/F + T2;Payant;24/24 7/7 jours;;2020/10/15;https://www.data.gouv.fr/fr/datasets/irve-bornes-de-recharge-pour-vehicule-electrique-departement-du-var-mouvelecvar/#resource-0e857a6c-a1f0-4fc2-a82a-7e3a7cda29f2
MOUVELECVAR;MOUVELECVAR;;FR*S83*P83137*I;TOULON_Chemin Du Moneiret Parking Devant Piscine Pin D'Alep;Chemin Du Moneiret Parking Devant Piscine Pin D'Alep 83000 TOULON;83137;5.8954;43.1438 ;;FR*S83*E83137*I*B1*G;22.00;E/F + T2;Payant;24/24 7/7 jours;;2020/10/15;https://www.data.gouv.fr/fr/datasets/irve-bornes-de-recharge-pour-vehicule-electrique-departement-du-var-mouvelecvar/#resource-0e857a6c-a1f0-4fc2-a82a-7e3a7cda29f2
MOUVELECVAR;MOUVELECVAR;;FR*S83*P83075*A;LES MAYONS_Avenue Pierre Gaudin;Avenue Pierre Gaudin 83340 LES MAYONS;83075;6.35791300;43.31438400;;FR*S83*E83075*A*B1*D;22.00;E/F + T2;Payant;24/24 7/7 jours;;2020/10/15;https://www.data.gouv.fr/fr/datasets/irve-bornes-de-recharge-pour-vehicule-electrique-departement-du-var-mouvelecvar/#resource-0e857a6c-a1f0-4fc2-a82a-7e3a7cda29f2
MOUVELECVAR;MOUVELECVAR;;FR*S83*P83098*C;LE PRADET_Parking Espace Des Arts;Parking Espace Des Arts 83220 LE PRADET;83098;6.0287;43.1070;;FR*S83*E83098*C*B1*G;22.00;E/F + T2;Payant;24/24 7/7 jours;;2020/10/15;https://www.data.gouv.fr/fr/datasets/irve-bornes-de-recharge-pour-vehicule-electrique-departement-du-var-mouvelecvar/#resource-0e857a6c-a1f0-4fc2-a82a-7e3a7cda29f2
MOUVELECVAR;MOUVELECVAR;;FR*S83*P83107*B;ROQUEBRUNE SUR ARGENS_Boulevard Des Murenes;Boulevard Des Murenes 83380 ROQUEBRUNE SUR ARGENS;83107;6.69117700;43.34247400;;FR*S83*E83107*B*B1*G;22.00;E/F + T2;Payant;24/24 7/7 jours;;2020/10/15;https://www.data.gouv.fr/fr/datasets/irve-bornes-de-recharge-pour-vehicule-electrique-departement-du-var-mouvelecvar/#resource-0e857a6c-a1f0-4fc2-a82a-7e3a7cda29f2
MOUVELECVAR;MOUVELECVAR;;FR*S83*P83031*A;LE CANNET DES MAURES_48 Avenue du 8 mai 1945;48 Avenue du 8 mai 1945 83340 LE CANNET DES MAURES;83031;6.34279400;43.39050300;;FR*S83*E83031*A*B1*G;22.00;E/F + T2;Payant;24/24 7/7 jours;;2020/10/15;https://www.data.gouv.fr/fr/datasets/irve-bornes-de-recharge-pour-vehicule-electrique-departement-du-var-mouvelecvar/#resource-0e857a6c-a1f0-4fc2-a82a-7e3a7cda29f2
MOUVELECVAR;MOUVELECVAR;;FR*S83*P83081*A;MONTAUROUX_Place Du Clos;Place Du Clos 83440 MONTAUROUX;83081;6.76523500;43.61790600;;FR*S83*E83081*A*B1*G;22.00;E/F + T2;Payant;24/24 7/7 jours;;2020/10/15;https://www.data.gouv.fr/fr/datasets/irve-bornes-de-recharge-pour-vehicule-electrique-departement-du-var-mouvelecvar/#resource-0e857a6c-a1f0-4fc2-a82a-7e3a7cda29f2
MRN;BOUYGUES ENERGIES ET SERVICES;Alizé Liberté;FR*C01*P76540*009;ROUEN - Parking Vieux Marche;Place du Vieux Marche 76000 ROUEN;;;;4;FR*C01*E76540*009*4;22.0;T2 - EF;gratuit;24h/24 7j/7;Recharge par badge et avec une application smartphone;2020/08/28;https://www.data.gouv.fr/fr/datasets/fichier-consolide-des-bornes-de-recharge-pour-vehicules-electriques-irve/#resource-df1a0148-83ca-41bd-8286-cede282b7c0a
MRN;BOUYGUES ENERGIES ET SERVICES;Alizé Liberté;FR*C01*P76212*001;DARNETAL - Place du General de Gaulle;Place du General de Gaulle 76160 DARNETAL;;;;2;FR*C01*E76212*001*2;22.0;T2 - EF;gratuit;24h/24 7j/7;Recharge par badge et avec une application smartphone;2020/08/28;https://www.data.gouv.fr/fr/datasets/fichier-consolide-des-bornes-de-recharge-pour-vehicules-electriques-irve/#resource-df1a0148-83ca-41bd-8286-cede282b7c0a
MRN;BOUYGUES ENERGIES ET SERVICES;Alizé Liberté;FR*C01*P76681*002;SOTTEVILLE-LES-ROUEN - place des Bruyčres;Rond-point Bruyčres 76300 SOTTEVILLE-LES-ROUEN;;;;0;FR*C01*E76681*002*2;22.0;T2 - EF;gratuit;24h/24 7j/7;Recharge par badge et avec une application smartphone;2020/08/28;https://www.data.gouv.fr/fr/datasets/fichier-consolide-des-bornes-de-recharge-pour-vehicules-electriques-irve/#resource-df1a0148-83ca-41bd-8286-cede282b7c0a
MRN;BOUYGUES ENERGIES ET SERVICES;Alizé Liberté;FR*C01*P76231*001;ELBEUF - Place Aristide Briand;Place Aristide Briand 76500 ELBEUF;;;;2;FR*C01*E76231*001*2;22.0;T2 - EF;gratuit;24h/24 7j/7;Recharge par badge et avec une application smartphone;2020/08/28;https://www.data.gouv.fr/fr/datasets/fichier-consolide-des-bornes-de-recharge-pour-vehicules-electriques-irve/#resource-df1a0148-83ca-41bd-8286-cede282b7c0a
MRN;BOUYGUES ENERGIES ET SERVICES;Alizé Liberté;FR*C01*P76402*002;MALAUNAY - Route de Montville;Route de Montville 76770 MALAUNAY;;;;2;FR*C01*E76402*002*2;22.0;T2 - EF;gratuit;24h/24 7j/7;Recharge par badge et avec une application smartphone;2020/08/28;https://www.data.gouv.fr/fr/datasets/fichier-consolide-des-bornes-de-recharge-pour-vehicules-electriques-irve/#resource-df1a0148-83ca-41bd-8286-cede282b7c0a
MRN;BOUYGUES ENERGIES ET SERVICES;Alizé Liberté;FR*C01*P76575*001;SAINT ETIENNE DU ROUVRAY - Gare;Gare 76800 SAINT ETIENNE DU ROUVRAY;;;;2;FR*C01*E76575*001*1;22.0;T3 - EF;gratuit;24h/24 7j/7;Recharge par badge et avec une application smartphone;2020/08/28;https://www.data.gouv.fr/fr/datasets/fichier-consolide-des-bornes-de-recharge-pour-vehicules-electriques-irve/#resource-df1a0148-83ca-41bd-8286-cede282b7c0a
MRN;BOUYGUES ENERGIES ET SERVICES;Alizé Liberté;FR*C01*P76540*001;ROUEN - Place de la Madeleine;Place de la Madeleine 76000 ROUEN;;;;2;FR*C01*E76540*001*1;22.0;T3 - EF;gratuit;24h/24 7j/7;Recharge par badge et avec une application smartphone;2020/08/28;https://www.data.gouv.fr/fr/datasets/fichier-consolide-des-bornes-de-recharge-pour-vehicules-electriques-irve/#resource-df1a0148-83ca-41bd-8286-cede282b7c0a
MRN;BOUYGUES ENERGIES ET SERVICES;Alizé Liberté;FR*C01*P76475*001;FRANQUEVILLE-SAINT-PIERRE - Avenue Coty;Avenue Coty 76520 FRANQUEVILLE-SAINT-PIERRE;;;;2;FR*C01*E76475*001*1;22.0;T2 - EF;gratuit;24h/24 7j/7;Recharge par badge et avec une application smartphone;2020/08/28;https://www.data.gouv.fr/fr/datasets/fichier-consolide-des-bornes-de-recharge-pour-vehicules-electriques-irve/#resource-df1a0148-83ca-41bd-8286-cede282b7c0a
MRN;BOUYGUES ENERGIES ET SERVICES;Alizé Liberté;FR*C01*P76540*005;ROUEN - Gare;Gare 76000 ROUEN;;;;2;FR*C01*E76540*005*2;22.0;T2 - EF;gratuit;24h/24 7j/7;Recharge par badge et avec une application smartphone;2020/08/28;https://www.data.gouv.fr/fr/datasets/fichier-consolide-des-bornes-de-recharge-pour-vehicules-electriques-irve/#resource-df1a0148-83ca-41bd-8286-cede282b7c0a
MRN;BOUYGUES ENERGIES ET SERVICES;Alizé Liberté;FR*C01*P76540*016;ROUEN - Quai du Havre;Quai du Havre 76000 ROUEN;;;;0;FR*C01*E76540*016*2;22.0;T2 - EF;gratuit;24h/24 7j/7;Recharge par badge et avec une application smartphone;2020/08/28;https://www.data.gouv.fr/fr/datasets/fichier-consolide-des-bornes-de-recharge-pour-vehicules-electriques-irve/#resource-df1a0148-83ca-41bd-8286-cede282b7c0a
MRN;BOUYGUES ENERGIES ET SERVICES;Alizé Liberté;FR*C01*P76540*009;ROUEN - Parking Vieux Marche;Place du Vieux Marche 76000 ROUEN;;;;4;FR*C01*E76540*009*1;22.0;T3 - EF;gratuit;24h/24 7j/7;Recharge par badge et avec une application smartphone;2020/08/28;https://www.data.gouv.fr/fr/datasets/fichier-consolide-des-bornes-de-recharge-pour-vehicules-electriques-irve/#resource-df1a0148-83ca-41bd-8286-cede282b7c0a
MRN;BOUYGUES ENERGIES ET SERVICES;Alizé Liberté;FR*C01*P76157*001;CANTELEU - Place Jean Jaurčs;Place Jean Jaurčs 76380 CANTELEU;;;;2;FR*C01*E76157*001*1;22.0;T3 - EF;gratuit;24h/24 7j/7;Recharge par badge et avec une application smartphone;2020/08/28;https://www.data.gouv.fr/fr/datasets/fichier-consolide-des-bornes-de-recharge-pour-vehicules-electriques-irve/#resource-df1a0148-83ca-41bd-8286-cede282b7c0a
MRN;BOUYGUES ENERGIES ET SERVICES;Alizé Liberté;FR*C01*P76231*003;ELBEUF - Place de la Libération;Place de la Libération 76500 ELBEUF;;;;2;FR*C01*E76231*003*1;22.0;T3 - EF;gratuit;24h/24 7j/7;Recharge par badge et avec une application smartphone;2020/08/28;https://www.data.gouv.fr/fr/datasets/fichier-consolide-des-bornes-de-recharge-pour-vehicules-electriques-irve/#resource-df1a0148-83ca-41bd-8286-cede282b7c0a
MRN;BOUYGUES ENERGIES ET SERVICES;Alizé Liberté;FR*C01*P76540*003;ROUEN - Place du Boulingrin;Place du Boulingrin 76000 ROUEN;;;;2;FR*C01*E76540*003*2;22.0;T2 - EF;gratuit;24h/24 7j/7;Recharge par badge et avec une application smartphone;2020/08/28;https://www.data.gouv.fr/fr/datasets/fichier-consolide-des-bornes-de-recharge-pour-vehicules-electriques-irve/#resource-df1a0148-83ca-41bd-8286-cede282b7c0a
MRN;BOUYGUES ENERGIES ET SERVICES;Alizé Liberté;FR*C01*P76614*001;ST MARTIN DE BOSCHERVILLE - Place De La Mairie;Place De La Mairie 76840 ST MARTIN DE BOSCHERVILLE;;;;0;FR*C01*E76614*001*2;22.0;T2 - EF;gratuit;24h/24 7j/7;Recharge par badge et avec une application smartphone;2020/08/28;https://www.data.gouv.fr/fr/datasets/fichier-consolide-des-bornes-de-recharge-pour-vehicules-electriques-irve/#resource-df1a0148-83ca-41bd-8286-cede282b7c0a
MRN;BOUYGUES ENERGIES ET SERVICES;Alizé Liberté;FR*C01*P76410*001;MAROMME - Carrefour de la Demi Lune;Carrefour de la Demi Lune 76150 MAROMME;;;;2;FR*C01*E76410*001*1;22.0;T3 - EF;gratuit;24h/24 7j/7;Recharge par badge et avec une application smartphone;2020/08/28;https://www.data.gouv.fr/fr/datasets/fichier-consolide-des-bornes-de-recharge-pour-vehicules-electriques-irve/#resource-df1a0148-83ca-41bd-8286-cede282b7c0a
SDE 56;Morbihan énergies;Morbihan énergies;FR*S56*PPYLBEV;Rue Jean Le Bris;Rue Jean Le Bris 56160 Locmalo;56113;-3.188811;48.070927;2;FR*S56*ERXSF*2;18.00;T2-E/F;Payant;24h/24h-7J/7J;Tarif abonné Morbihan Energies: 18€ ttc/an, puis 0,25€ ttc/kWh consommé. Non abonné: 2€ ttc/charge (3€ sur bornes rapides), puis 0,25€ ttc/kWh consommé. Pénalités applicables au temps si branchement > 6 heures (2 heures sur bornes rapides) : 5€ ttc/heure;2020/10/22;https://www.data.gouv.fr/fr/datasets/bornes-de-recharge-de-vehicules-electriques-irve/#resource-564a7e24-eb69-456c-a0d1-a2750011b363
SDE 56;Morbihan énergies;Morbihan énergies;FR*S56*PCYYADE;Quai des Récollets;Quai des Récollets 56300 Pontivy;56178;-2.965144;48.071378;2;FR*S56*EEQVT*1;18.00;T2-E/F;Payant;24h/24h-7J/7J;Tarif abonné Morbihan Energies: 18€ ttc/an, puis 0,25€ ttc/kWh consommé. Non abonné: 2€ ttc/charge (3€ sur bornes rapides), puis 0,25€ ttc/kWh consommé. Pénalités applicables au temps si branchement > 6 heures (2 heures sur bornes rapides) : 5€ ttc/heure;2020/10/22;https://www.data.gouv.fr/fr/datasets/bornes-de-recharge-de-vehicules-electriques-irve/#resource-564a7e24-eb69-456c-a0d1-a2750011b363
SDE 56;Morbihan énergies;Morbihan énergies;FR*S56*PLYQNFS;Place du Général de Gaulle;Place du Général de Gaulle 56530 Quéven;56185;-3.415650;47.790313;2;FR*S56*EBJNP*2;18.00;T2-E/F;Payant;24h/24h-7J/7J;Tarif abonné Morbihan Energies: 18€ ttc/an, puis 0,25€ ttc/kWh consommé. Non abonné: 2€ ttc/charge (3€ sur bornes rapides), puis 0,25€ ttc/kWh consommé. Pénalités applicables au temps si branchement > 6 heures (2 heures sur bornes rapides) : 5€ ttc/heure;2020/10/22;https://www.data.gouv.fr/fr/datasets/bornes-de-recharge-de-vehicules-electriques-irve/#resource-564a7e24-eb69-456c-a0d1-a2750011b363
SDE 56;Morbihan énergies;Morbihan énergies;FR*S56*PHUSQJB;Rue Curie;Rue Curie 56510 Saint-Pierre-Quiberon;56234;-3.131924;47.520606;2;FR*S56*EPBYX*2;18.00;T2-E/F;Payant;24h/24h-7J/7J;Tarif abonné Morbihan Energies: 18€ ttc/an, puis 0,25€ ttc/kWh consommé. Non abonné: 2€ ttc/charge (3€ sur bornes rapides), puis 0,25€ ttc/kWh consommé. Pénalités applicables au temps si branchement > 6 heures (2 heures sur bornes rapides) : 5€ ttc/heure;2020/10/22;https://www.data.gouv.fr/fr/datasets/bornes-de-recharge-de-vehicules-electriques-irve/#resource-564a7e24-eb69-456c-a0d1-a2750011b363
SDE 56;Morbihan énergies;Morbihan énergies;FR*S56*PEETZMB;Rue Le Gloahec;Rue Le Gloahec 56670 Riantec;56193;-3.310304;47.712149;2;FR*S56*EEPUL*1;18.00;T2-E/F;Payant;24h/24h-7J/7J;Tarif abonné Morbihan Energies: 18€ ttc/an, puis 0,25€ ttc/kWh consommé. Non abonné: 2€ ttc/charge (3€ sur bornes rapides), puis 0,25€ ttc/kWh consommé. Pénalités applicables au temps si branchement > 6 heures (2 heures sur bornes rapides) : 5€ ttc/heure;2020/10/22;https://www.data.gouv.fr/fr/datasets/bornes-de-recharge-de-vehicules-electriques-irve/#resource-564a7e24-eb69-456c-a0d1-a2750011b363
SDE 56;Morbihan énergies;Morbihan énergies;FR*256*P56184*A;Avenue de la Gare;Avenue de la Gare 56230 Questembert;;;;2;FR*256*E56184*A*B1*G;43.0;T2;gratuit;24/24 7/7 jours;Recharge Gratuite;2019/01/28;https://www.data.gouv.fr/fr/datasets/fichier-consolide-des-bornes-de-recharge-pour-vehicules-electriques-irve/#resource-df1a0148-83ca-41bd-8286-cede282b7c0a
SDEC ENERGIE;MobiSDEC;MobiSDEC;FR*T14*P*ET163;COQUAINVILLIERS;Rue du Manoir de Prie 14130 COQUAINVILLIERS;14177;-0.2120543;49.2001;2;FR*T14*E*ET1632;22;T2-E/F;Payant; 24/24 7/7 jours;www.mobisdec.fr;2020/09/11;https://www.data.gouv.fr/fr/datasets/bornes-de-recharge-mobisdec-syndicat-departemental-denergies-du-calvados/#resource-19d019d4-f914-48d1-9ca9-c5630e1f7617
SDEC ENERGIE;MobiSDEC;MobiSDEC;FR*T14*P*ET237 ;LANGRUNE-SUR-MER;Rue du général Leclerc (D514) 14830 LANGRUNE SUR MER;14354;-0.3699453;49.32538;2;FR*T14*E*ET2371;22;T3c-E/F;Payant; 24/24 7/7 jours;www.mobisdec.fr;2020/09/11;https://www.data.gouv.fr/fr/datasets/bornes-de-recharge-mobisdec-syndicat-departemental-denergies-du-calvados/#resource-19d019d4-f914-48d1-9ca9-c5630e1f7617
SDEC ENERGIE;MobiSDEC;MobiSDEC;FR*T14*P*ET175;MAROLLES;Chemin du puit 14100 MAROLLES;14403;0.371768;49.1383204;2;FR*T14*E*ET1752;22;T2-E/F;Payant; 24/24 7/7 jours;www.mobisdec.fr;2020/09/11;https://www.data.gouv.fr/fr/datasets/bornes-de-recharge-mobisdec-syndicat-departemental-denergies-du-calvados/#resource-19d019d4-f914-48d1-9ca9-c5630e1f7617
SDEC ENERGIE;MobiSDEC;MobiSDEC;FR*T14*P*ET262;CAEN;Quartier Venoix, Avenue Enchanteur Merlin 14027 CAEN;14118;-0.401482;49.175628;2;FR*T14*E*ET2621;22;T3c-E/F;Payant; 24/24 7/7 jours;www.mobisdec.fr;2020/09/11;https://www.data.gouv.fr/fr/datasets/bornes-de-recharge-mobisdec-syndicat-departemental-denergies-du-calvados/#resource-19d019d4-f914-48d1-9ca9-c5630e1f7617
SDEC ENERGIE;MobiSDEC;MobiSDEC;FR*T14*P*ET161;ELLON;Hameau de l'église 14250 ELLON;14236;-0.6778744;49.2200164;2;FR*T14*E*ET1612;22;T2-E/F;Payant; 24/24 7/7 jours;www.mobisdec.fr;2020/09/11;https://www.data.gouv.fr/fr/datasets/bornes-de-recharge-mobisdec-syndicat-departemental-denergies-du-calvados/#resource-19d019d4-f914-48d1-9ca9-c5630e1f7617
SDEC ENERGIE;MobiSDEC;MobiSDEC;FR*T14*P*ET300;MONTCHAMP;Rue de la liberté  14350 MONTCHAMP;14442;-0.7680184;48.9200764;2;FR*T14*E*ET3002;22;T2-E/F;Payant; 24/24 7/7 jours;www.mobisdec.fr;2020/09/11;https://www.data.gouv.fr/fr/datasets/bornes-de-recharge-mobisdec-syndicat-departemental-denergies-du-calvados/#resource-19d019d4-f914-48d1-9ca9-c5630e1f7617
SDEC ENERGIE;MobiSDEC;MobiSDEC;FR*T14*P*ET124;CAEN;6 place de la Résistance 14000 CAEN;14118;-0.355928;49.180373;2;FR*T14*E*ET1242;22;T2-E/F;Payant; 24/24 7/7 jours;www.mobisdec.fr;2020/09/11;https://www.data.gouv.fr/fr/datasets/bornes-de-recharge-mobisdec-syndicat-departemental-denergies-du-calvados/#resource-19d019d4-f914-48d1-9ca9-c5630e1f7617
SDEC ENERGIE;MobiSDEC;MobiSDEC;FR*T14*P*ET261 ;SOMMERVIEU;Rue Saint Pierre 14400 SOMMERVIEU;14676;-0.6497423;49.2920929;2;FR*T14*E*ET2611;22;T3c-E/F;Payant; 24/24 7/7 jours;www.mobisdec.fr;2020/09/11;https://www.data.gouv.fr/fr/datasets/bornes-de-recharge-mobisdec-syndicat-departemental-denergies-du-calvados/#resource-19d019d4-f914-48d1-9ca9-c5630e1f7617
SDEC ENERGIE;MobiSDEC;MobiSDEC;FR*T14*P*E14437*3;MONDEVILLE;Route de Rouen 14120 MONDEVILLE;14120;-0.303376;49.171944;3;FR*T14*E*E14437*3*3;80;CHAdeMO;Payant; 24/24 7/7 jours;www.mobisdec.fr;2020/09/11;https://www.data.gouv.fr/fr/datasets/bornes-de-recharge-mobisdec-syndicat-departemental-denergies-du-calvados/#resource-19d019d4-f914-48d1-9ca9-c5630e1f7617
SDEC ENERGIE;MobiSDEC;MobiSDEC;FR*T14*P*ET250;LA GRAVERIE;Place de la Gare 14350 LA GRAVERIE;14317;-0.883248;48.893047;2;FR*T14*E*ET2502;22;T2-E/F;Payant; 24/24 7/7 jours;www.mobisdec.fr;2020/09/11;https://www.data.gouv.fr/fr/datasets/bornes-de-recharge-mobisdec-syndicat-departemental-denergies-du-calvados/#resource-19d019d4-f914-48d1-9ca9-c5630e1f7617
SDEC ENERGIE;MobiSDEC;MobiSDEC;FR*T14*P*ET283;BRETTEVILLE-SUR-ODON;Place de la Mairie 14760 BRETTEVILLE SUR ODON;14101;-0.417781;49.16581;2;FR*T14*E*ET2831;22;T3c-E/F;Payant; 24/24 7/7 jours;www.mobisdec.fr;2020/09/11;https://www.data.gouv.fr/fr/datasets/bornes-de-recharge-mobisdec-syndicat-departemental-denergies-du-calvados/#resource-19d019d4-f914-48d1-9ca9-c5630e1f7617
SDEC ENERGIE;MobiSDEC;MobiSDEC;FR*T14*P*ET281;VAUDRY;Place de la Mairie 14500 VAUDRY;14730;-0.8544153;48.8401188;2;FR*T14*E*ET2812;22;T2-E/F;Payant; 24/24 7/7 jours;www.mobisdec.fr;2020/09/11;https://www.data.gouv.fr/fr/datasets/bornes-de-recharge-mobisdec-syndicat-departemental-denergies-du-calvados/#resource-19d019d4-f914-48d1-9ca9-c5630e1f7617
SDEC ENERGIE;MobiSDEC;MobiSDEC;FR*T14*P*E14047*2;BAYEUX;Bd Marechal Leclerc 14400 BAYEUX;14047;-0.706692;49.2708637;3;FR*T14*E*E14047*2*3;50;CHAdeMO;Payant; 24/24 7/7 jours;www.mobisdec.fr;2020/09/11;https://www.data.gouv.fr/fr/datasets/bornes-de-recharge-mobisdec-syndicat-departemental-denergies-du-calvados/#resource-19d019d4-f914-48d1-9ca9-c5630e1f7617
SDEC ENERGIE;MobiSDEC;MobiSDEC;FR*T14*P*SOD*S*SDEC223*1;ORBEC;Boulevard de BEAUVOIR 14290 ORBEC;14478;0.405121;49.023678;3;FR*T14*E*SOD*S*SDEC223*1*1;44;T2-E/F;Payant; 24/24 7/7 jours;www.mobisdec.fr;2020/09/11;https://www.data.gouv.fr/fr/datasets/bornes-de-recharge-mobisdec-syndicat-departemental-denergies-du-calvados/#resource-19d019d4-f914-48d1-9ca9-c5630e1f7617
SE60;Freshmile;Mouv'Oise;FR*S60*PZZRYEL;Lagny-le-Sec, rue du Puits d'Othis;12 rue du Puits d'Othis 60330 Lagny-le-Sec;60341;;;2;FR*S60*EBYBU*2;22.0;T2 – E/F;Gratuit;24h/24 7j/7;;2018/10/17;https://www.data.gouv.fr/fr/datasets/fichier-consolide-des-bornes-de-recharge-pour-vehicules-electriques-irve/#resource-df1a0148-83ca-41bd-8286-cede282b7c0a
SE60;Freshmile;Mouv'Oise;FR*S60*PXGBNMT;Chaumont-en-Vexin, Foulerie;11 place de la Foulerie 60240 Chaumont-en-Vexin;60143;;;2;FR*S60*EGHMM*1;22.0;T2 – E/F;Gratuit;24h/24 7j/7;;2018/04/20;https://www.data.gouv.fr/fr/datasets/fichier-consolide-des-bornes-de-recharge-pour-vehicules-electriques-irve/#resource-df1a0148-83ca-41bd-8286-cede282b7c0a
SE60;Freshmile;Mouv'Oise;FR*S60*PSERIFONTAINE;Serifontaine, Tilleul;8 allée du Tilleul 60590 Sérifontaine;;;;2;FR*S60*EYGKJ*2;22.0;T2 - E/F;Gratuit;24h/24 7j/7;;2018/04/20;https://www.data.gouv.fr/fr/datasets/fichier-consolide-des-bornes-de-recharge-pour-vehicules-electriques-irve/#resource-df1a0148-83ca-41bd-8286-cede282b7c0a
SE60;Freshmile;Mouv'Oise;FR*S60*PSTJUSTCHAUS;Saint-Just-en-Chaussée, Mairie;10 rue des Déportés 60130 Saint-Just-en-Chaussée;60581;;;2;FR*S60*EGGKE*1;22.0;T2 – E/F;Gratuit;24h/24 7j/7;;2018/04/20;https://www.data.gouv.fr/fr/datasets/fichier-consolide-des-bornes-de-recharge-pour-vehicules-electriques-irve/#resource-df1a0148-83ca-41bd-8286-cede282b7c0a
SE60;Freshmile;Mouv'Oise;FR*S60*PBQQLUY;Beauvais, Hôtel de Ville;1 rue Desgroux 60000 Beauvais;;;;4;FR*S60*EKMQT*2;22.0;T2 – E/F;Gratuit;24h/24 7j/7;;2018/08/14;https://www.data.gouv.fr/fr/datasets/fichier-consolide-des-bornes-de-recharge-pour-vehicules-electriques-irve/#resource-df1a0148-83ca-41bd-8286-cede282b7c0a
SE60;Freshmile;Mouv'Oise;FR*S60*PBQQLUY;Beauvais, Hôtel de Ville;1 rue Desgroux 60000 Beauvais;;;;4;FR*S60*EKMQT*1;22.0;T2 – E/F;Gratuit;24h/24 7j/7;;2018/08/14;https://www.data.gouv.fr/fr/datasets/fichier-consolide-des-bornes-de-recharge-pour-vehicules-electriques-irve/#resource-df1a0148-83ca-41bd-8286-cede282b7c0a
SE60;Freshmile;Mouv'Oise;FR*S60*P*YJRB*YJRB;Le Mesnil-en-Thelle, Parc du Thelle;4 Avenue du Parc du Thelle 60530 Le Mesnil-en-Thelle;60398;;;2;FR*S60*EYRJB*2;22.0;T2 – E/F;Gratuit;24h/24;Navigateur application badge;2017/10/24;https://www.data.gouv.fr/fr/datasets/fichier-consolide-des-bornes-de-recharge-pour-vehicules-electriques-irve/#resource-df1a0148-83ca-41bd-8286-cede282b7c0a
SE60;Freshmile;Mouv'Oise;FR*S60*PBEAUVVERD;Beauvais, Parking Verdun;38 rue Jean de Lignières 60000 Beauvais;;;;2;FR*S60*ESQBN*1;22.0;T2 – E/F;Gratuit;24h/24 7j/7;;2018/04/20;https://www.data.gouv.fr/fr/datasets/fichier-consolide-des-bornes-de-recharge-pour-vehicules-electriques-irve/#resource-df1a0148-83ca-41bd-8286-cede282b7c0a
SE60;Freshmile;Mouv'Oise;FR*S60*PMILLY;Milly-sur-Thérain, Dieppe;32 Rue de Dieppe 60112 Milly-sur-Thérain;60403;;;2;FR*S60*EXAYT*2;22.0;T2 – E/F;Gratuit;24h/24 7j/7;;2018/04/20;https://www.data.gouv.fr/fr/datasets/fichier-consolide-des-bornes-de-recharge-pour-vehicules-electriques-irve/#resource-df1a0148-83ca-41bd-8286-cede282b7c0a
SE60;Freshmile;Mouv'Oise;FR*S60*PBURY;Bury , Pillon Crouzet;60 rue Pillon Crouzet 60250 Bury;60116;;;2;FR*S60*EAXYH*2;22.0;T2 – E/F;Gratuit;24h/24 7j/7;;2018/04/20;https://www.data.gouv.fr/fr/datasets/fichier-consolide-des-bornes-de-recharge-pour-vehicules-electriques-irve/#resource-df1a0148-83ca-41bd-8286-cede282b7c0a
SE60;Freshmile;Mouv'Oise;FR*S60*PVERNEUILENHA;Verneuil-en-Halatte, Piegaro;1 place de Piegaro 60550 Verneuil-en-Halatte;60670;;;2;FR*S60*EAWMF*2;22.0;T2 – E/F;Gratuit;24h/24 7j/7;;2018/04/20;https://www.data.gouv.fr/fr/datasets/fichier-consolide-des-bornes-de-recharge-pour-vehicules-electriques-irve/#resource-df1a0148-83ca-41bd-8286-cede282b7c0a
SE60;Freshmile;Mouv'Oise;FR*S60*PMOUY;Mouy, Pierre Semard;Place Pierre Semard 60250 Mouy;;;;2;FR*S60*ECCTF*2;22.0;T2 – E/F;Gratuit;24h/24 7j/7;;2018/04/20;https://www.data.gouv.fr/fr/datasets/fichier-consolide-des-bornes-de-recharge-pour-vehicules-electriques-irve/#resource-df1a0148-83ca-41bd-8286-cede282b7c0a
SE60;Freshmile;Mouv'Oise;FR*S60*PANSAUVILLERS;Ansauvillers, Chaussée Brunehaut;Chaussée Brunehaut 60120 Ansauvillers;60017;;;2;FR*S60*EWERN*1;22.0;T2 – E/F;Gratuit;24h/24 7j/7;;2018/04/20;https://www.data.gouv.fr/fr/datasets/fichier-consolide-des-bornes-de-recharge-pour-vehicules-electriques-irve/#resource-df1a0148-83ca-41bd-8286-cede282b7c0a
SE60;Freshmile;Mouv'Oise;FR*S60*PHERMES11NOV;Hermes , 11 novembre;Rue du 11 Novembre 60370 Hermes;;;;2;FR*S60*ECCQP*2;22.0;T2 – E/F;Gratuit;24h/24 7j/7;;2018/04/20;https://www.data.gouv.fr/fr/datasets/fichier-consolide-des-bornes-de-recharge-pour-vehicules-electriques-irve/#resource-df1a0148-83ca-41bd-8286-cede282b7c0a
SE60;Freshmile;Mouv'Oise;FR*S60*P58AB18938675D;Lachapelle aux Pots;Rue de la gare 60650 Lachapelle aux Pots;60333;;;2;FR*S60*EYCHH*1;22.0;T2 - E/F;Gratuit;24h/24 7j/7;;2018/04/20;https://www.data.gouv.fr/fr/datasets/fichier-consolide-des-bornes-de-recharge-pour-vehicules-electriques-irve/#resource-df1a0148-83ca-41bd-8286-cede282b7c0a
SE60;Freshmile;Mouv'Oise;FR*S60*PVERNEUILENHA;Verneuil-en-Halatte, Piegaro;1 place de Piegaro 60550 Verneuil-en-Halatte;60670;;;2;FR*S60*EAWMF*1;22.0;T2 – E/F;Gratuit;24h/24 7j/7;;2018/04/20;https://www.data.gouv.fr/fr/datasets/fichier-consolide-des-bornes-de-recharge-pour-vehicules-electriques-irve/#resource-df1a0148-83ca-41bd-8286-cede282b7c0a
SE60;Freshmile;Mouv'Oise;FR*S60*PCFQLDZ;Noyon, Place Aristide Briand;Place Aristide Briand 60400 Noyon;60471;;;2;FR*S60*EKNRW*2;22.0;T2 – E/F;Gratuit;24h/24 7j/7;;2018/08/14;https://www.data.gouv.fr/fr/datasets/fichier-consolide-des-bornes-de-recharge-pour-vehicules-electriques-irve/#resource-df1a0148-83ca-41bd-8286-cede282b7c0a
SE60;Freshmile;Mouv'Oise;FR*S60*PVBLWFR;Méru, Parking Nacre;51 rue Roger Salengro 60110 méru;60395;;;2;FR*S60*EGMLK*2;22.0;T2 – E/F;Gratuit;24h/24 7j/7;;2018/08/14;https://www.data.gouv.fr/fr/datasets/fichier-consolide-des-bornes-de-recharge-pour-vehicules-electriques-irve/#resource-df1a0148-83ca-41bd-8286-cede282b7c0a
SMED 13;BOUYGUES ENERGIES ET SERVICES;SIMONE;FR*S13*P13083*001;ROGNONAS - Place Du Marché;Place Du Marché 13870 ROGNONAS;13083;;;2;FR*S13*E13083*001*2;22.0;EF - T2;payant;24h/24 7j/7;Recharge par badge et avec une application smartphone;2020/08/28;https://www.data.gouv.fr/fr/datasets/fichier-consolide-des-bornes-de-recharge-pour-vehicules-electriques-irve/#resource-df1a0148-83ca-41bd-8286-cede282b7c0a
SMED 13;BOUYGUES ENERGIES ET SERVICES;SIMONE;FR*S13*P13116*001;VERQUIERES - Place de l'Eglise;Place de l'Eglise 13670 VERQUIERES;13116;;;2;FR*S13*E13116*001*2;22.0;EF - T2;payant;24h/24 7j/7;Recharge par badge et avec une application smartphone;2020/08/28;https://www.data.gouv.fr/fr/datasets/fichier-consolide-des-bornes-de-recharge-pour-vehicules-electriques-irve/#resource-df1a0148-83ca-41bd-8286-cede282b7c0a
SMED 13;BOUYGUES ENERGIES ET SERVICES;SIMONE;FR*S13*P13096*002;SAINTES-MARIES-DE-LA-MER - Rue Des Artisans - Borne 2;Rue Des Artisans - Borne 2 13460 SAINTES-MARIES-DE-LA-MER;13096;;;2;FR*S13*E13096*002*2;22.0;EF - T2;payant;24h/24 7j/7;Recharge par badge et avec une application smartphone;2020/08/28;https://www.data.gouv.fr/fr/datasets/fichier-consolide-des-bornes-de-recharge-pour-vehicules-electriques-irve/#resource-df1a0148-83ca-41bd-8286-cede282b7c0a
SMED 13;BOUYGUES ENERGIES ET SERVICES;SIMONE;FR*S13*P13083*001;ROGNONAS - Place Du Marché;Place Du Marché 13870 ROGNONAS;13083;;;2;FR*S13*E13083*001*1;22.0;EF - T2;payant;24h/24 7j/7;Recharge par badge et avec une application smartphone;2020/08/28;https://www.data.gouv.fr/fr/datasets/fichier-consolide-des-bornes-de-recharge-pour-vehicules-electriques-irve/#resource-df1a0148-83ca-41bd-8286-cede282b7c0a
SMED 13;BOUYGUES ENERGIES ET SERVICES;SIMONE;FR*S13*P13064*002;MOLLEGES - Route De St Andiol;Route De St Andiol 13940 MOLLEGES;13064;;;2;FR*S13*E13064*002*1;22.0;EF - T2;payant;24h/24 7j/7;Recharge par badge et avec une application smartphone;2020/08/28;https://www.data.gouv.fr/fr/datasets/fichier-consolide-des-bornes-de-recharge-pour-vehicules-electriques-irve/#resource-df1a0148-83ca-41bd-8286-cede282b7c0a
SMED 13;BOUYGUES ENERGIES ET SERVICES;SIMONE;FR*S13*P13027*002;CHATEAURENARD - Parking Avenue Marx Dormoy;Parking Avenue Marx Dormoy 13160 CHATEAURENARD;13027;;;2;FR*S13*E13027*002*2;22.0;EF - T2;payant;24h/24 7j/7;Recharge par badge et avec une application smartphone;2020/08/28;https://www.data.gouv.fr/fr/datasets/fichier-consolide-des-bornes-de-recharge-pour-vehicules-electriques-irve/#resource-df1a0148-83ca-41bd-8286-cede282b7c0a
SMED 13;BOUYGUES ENERGIES ET SERVICES;SIMONE;FR*S13*P13017*001;BOULBON - Chemin De La Lone;Chemin De La Lone 13150 BOULBON;13017;;;2;FR*S13*E13017*001*2;22.0;EF - T2;payant;24h/24 7j/7;Recharge par badge et avec une application smartphone;2020/08/28;https://www.data.gouv.fr/fr/datasets/fichier-consolide-des-bornes-de-recharge-pour-vehicules-electriques-irve/#resource-df1a0148-83ca-41bd-8286-cede282b7c0a
SMEG 30;BOUYGUES ENERGIES ET SERVICES;Révéo;FR*S30*P30076*001;CAVILLARGUES - Place Du 19 Mars 1962;Place Du 19 Mars 1962 30330 CAVILLARGUES;30076;;;2;FR*S30*E30076*001*2;18.0;EF - T2 - T3;payant;24h/24 7j/7;Recharge par badge et avec une application smartphone;2020/08/28;https://www.data.gouv.fr/fr/datasets/fichier-consolide-des-bornes-de-recharge-pour-vehicules-electriques-irve/#resource-df1a0148-83ca-41bd-8286-cede282b7c0a
